PlanetIdentifier,PeriodDays,SemiMajorAxisAU,DistFromEarthParsec,ListsPlanetIsOn
HD 143761 b,39.8458,0.2196,17.236,0
HD 143761 c,102.54,0.4123,17.236,0
Kepler-9 b,19.22418,0.14300000000000002,650.0,0
Kepler-9 c,39.03106,0.22899999999999998,650.0,0
Kepler-9 d,1.592851,0.0271,650.0,0
GJ 160.2 b,5.2354,0.053,43.25,1
WASP-124 b,3.37265,0.0449,433.0,0
HD 240210 b,501.75,1.33,143.0,0
OGLE-05-390L b,3500.0,2.1,6500.0,0
WASP-82 b,2.705782,0.0447,200.0,0
Gliese 1214 b,1.58040417,0.01488,14.55,0
Kepler-153 b,18.870227,0.13871537490065655,626.1,0
Kepler-153 c,46.90232,0.2545282943438669,626.1,0
HD 4203 b,437.05,1.1735,77.82,0
HD 4203 c,6700.0,6.95,77.82,0
HD 179079 b,14.475999999999999,0.11,63.69,0
HD 187123 b,3.0965886,0.04213,48.3,0
HD 187123 c,3324.0,4.417,48.3,0
Kepler-131 b,16.092,0.12474214265933413,226.3,0
Kepler-131 c,25.5169,0.16962575408134253,226.3,0
HD 114729 A b,1135.0,2.08,35.0,2
CoRoT-24 b,5.1134,0.055999999999999994,600.0,0
CoRoT-24 c,11.759,0.098,600.0,0
Kepler-211 c,6.04045,0.0649111613695975,327.93,0
Kepler-211 b,4.138575,0.050447587650683724,327.93,0
Kepler-294 c,6.6264,0.06904384185985417,1698.68,0
Kepler-294 b,3.7012120000000004,0.04682766376041615,1698.68,0
HD 164595 b,40.0,0.23,28.93,0
Kepler-257 c,6.581484,0.06873148650694551,1167.03,0
Kepler-257 b,2.3826669999999996,0.03491259122563887,1167.03,0
Kepler-257 d,24.664551,0.16582703140321478,1167.03,0
Kepler-214 c,28.7798,0.18379415588086662,1070.66,0
Kepler-214 b,15.660544,0.1225023480217332,1070.66,0
Kepler-130 c,27.508653000000002,0.17600000000000002,266.39,0
Kepler-130 b,8.457458,0.08,266.39,0
Kepler-130 d,87.517905,0.381,266.39,0
WASP-108 b,2.6755463,0.0397,220.0,0
K2-34 b,2.995607,0.04419,377.0,0
Kepler-189 c,20.134866,0.14484572416087121,650.34,0
Kepler-189 b,10.399931,0.09324527244222267,650.34,0
Kepler-327 b,2.549575,0.036524564381109625,241.74,0
Kepler-327 d,13.969457,0.11351664152817739,241.74,0
Kepler-327 c,5.212333,0.058833942635154984,241.74,0
Kepler-101 b,3.4876812000000004,0.0474,990.44,0
Kepler-101 c,6.02976,0.0684,990.44,0
Kepler-156 c,15.906801000000002,0.12378321229754952,482.88,0
Kepler-156 b,4.973456,0.057022383991348215,482.88,0
HIP 11952 b,290.0,0.81,111.0,1
HIP 11952 c,6.95,0.07,111.0,1
HD 122430 b,344.95,1.02,135.0,1
Kepler-344 b,21.963945000000002,0.15348999853368944,1307.52,0
Kepler-344 c,125.59680900000001,0.4908237704278424,1307.52,0
Kepler-227 b,9.488014999999999,0.08771154453383526,1481.07,0
Kepler-227 c,54.418693999999995,0.28104245263614336,1481.07,0
Kepler-404 b,11.829851,0.10160756256855318,1059.76,0
Kepler-404 c,14.751166,0.11771290666576904,1059.76,0
Gliese 86 b,15.76491,0.113,10.783,2
HD 145377 b,103.95,0.45,55.0,0
HD 75289 A b,3.5098,0.046,28.94,2
HD 5608 b,792.6,1.9,56.4,0
HATS-28 b,3.1810781,0.04131,521.0,0
HD 68988 b,6.276,0.071,58.0,0
HD 183263 b,625.1,1.486,55.1,0
HD 183263 c,4684.0,5.69,55.1,0
HD 154672 b,163.91,0.6,65.8,0
Kepler-196 b,20.739886,0.14773296930470015,470.92,0
Kepler-196 c,47.427737,0.2564256424112627,470.92,0
beta Ursae Minoris b,522.3,1.4,40.14,0
Kepler-225 c,18.794234,0.138342707224938,342.18,0
Kepler-225 b,6.738975,0.06982362847839867,342.18,0
Kepler-409 b,68.9584,0.3291025907179951,69.2,0
OGLE-TR-10 b,3.10129,0.045160000000000006,1500.0,0
Kepler-128 b,15.09,0.11950865080377084,368.14,0
Kepler-128 c,22.804000000000002,0.15737915354459323,368.14,0
WASP-11 b,3.7224690000000002,0.0439,121.7,2
HATS-18 b,0.8378434000000001,0.01761,645.0,0
KELT-16 b,0.9689950999999999,0.02044,365.0,0
HD 106315 b,9.5521,0.09012,107.3,0
HD 106315 c,21.0576,0.1526,107.3,0
EPIC 206011691 b,9.32414,0.0731,65.0,0
EPIC 206011691 c,15.5012,0.1026,65.0,0
WASP-62 b,4.411953,0.0567,160.0,0
Kepler-150 c,7.381997999999999,0.07419747606863178,973.33,0
Kepler-150 d,12.56093,0.10575178675565157,973.33,0
Kepler-150 e,30.826557,0.19240803212610152,973.33,0
Kepler-150 b,3.428054,0.04449435886477516,973.33,0
WASP-14 b,2.2437661,0.036000000000000004,160.0,2
HD 2952 b,311.6,1.2,115.0,0
Kepler-173 c,8.005777,0.07832051046960076,809.64,0
Kepler-173 b,4.263742,0.05145968561563935,809.64,0
KOI-1299 b,52.500969999999995,0.3034,870.0,2
KOI-1299 c,406.2,1.073412041736799,870.0,3
Kepler-34 (AB) b,288.822,1.0896,1500.0,4
Rho Coronae Borealis b,39.8449,0.24,17.24,1
Kepler-260 b,8.187399000000001,0.07950061482142494,539.35,0
Kepler-260 c,76.050178,0.35129610953861606,539.35,0
KELT-10 b,4.166286,0.0525,183.0,0
Gliese 3634 b,2.64561,0.0287,19.8,0
HD 156279 b,131.05,0.495,36.6,0
Kepler-247 c,9.439452000000001,0.0874119962678267,695.58,0
Kepler-247 d,20.477912,0.14648628501955402,695.58,0
Kepler-247 b,3.33616,0.0436956057392507,695.58,0
Kepler-166 b,7.650253999999999,0.07598428012991244,639.62,0
Kepler-166 c,34.260281,0.20644314379806045,639.62,0
Kepler-166 d,1.55400393,0.026256767512966767,639.62,0
Kepler-8 b,3.5225400000000002,0.0483,1330.0,0
HAT-P-56 b,2.7908327,0.0423,310.5,0
Kepler-266 b,6.61833,0.06898777351102794,1577.36,0
Kepler-266 c,107.723601,0.44307824349109876,1577.36,0
HD 12661 b,263.6,0.83,37.16,0
HD 12661 c,1708.0,2.56,37.16,0
Kepler-213 b,2.46236,0.03568679521152664,702.35,0
Kepler-213 c,4.822962,0.055866192953414606,702.35,0
HD 128311 b,460.1,1.1663834241136277,16.6,0
HD 128311 c,910.7,1.8387530578961342,16.6,0
WASP-49 b,2.7817387000000005,0.0379,170.0,0
Kepler-44 b,3.2467292999999997,0.0446,2250.0,0
HD 72892 b,39.475,0.228,72.78,0
WASP-138 b,3.634433,0.0494,308.0,0
Kepler-242 b,8.20395,0.07960772020366909,859.95,0
Kepler-242 c,14.496481,0.11635406949288407,859.95,0
Kepler-170 b,7.930592,0.07782938319769295,849.82,0
Kepler-170 c,16.665863,0.12769044149191147,849.82,0
CVSO 30 b,0.448413,0.00838,330.0,0
CVSO 30 c,6221243.625594926,662.0,330.0,0
HD 175167 b,1290.0,2.4,67.02,0
Kepler-94 b,2.50806,0.03612699160502623,223.0,0
Kepler-94 c,820.3,1.7149639344449148,223.0,0
TYC 3667-1280-1 b,26.468000000000004,0.21,481.0,0
HD 202206 b,255.87,0.83,46.34,0
HD 202206 c,1383.4,2.55,46.34,0
EPIC 201828749 b,33.51569,0.1875,146.0,3
HD 131664 b,1951.0,3.17,55.43,1
wasp-92 b,2.1746742,0.0348,530.0,0
OGLE-2015-BLG-0954L b,480.13359390902855,1.2,600.0,0
Kepler-395 c,34.989262,0.2093612833704367,537.21,0
Kepler-395 b,7.054346000000001,0.07198538884819079,537.21,0
HD 9174 b,1179.0,2.2,78.93,0
EPIC 201855371 b,17.96753,0.11900000000000001,134.0,0
HD 66428 b,2293.0,3.471,54.9,0
WASP-33 b,1.21986967,0.025580000000000002,116.0,0
Gliese 3293 b,30.6,0.1434,18.2,0
Gliese 3293 d,123.98,0.3644,18.2,0
Gliese 3293 c,48.14,0.1939,18.2,1
Kepler-91 b,6.24668005,0.0726,1030.0,0
HD 27631 b,2208.0,3.25,45.5,0
EPIC 201403446 b,19.15344,0.1408,362.0,3
Kepler-277 b,17.324,0.13103036987812397,951.43,0
Kepler-277 c,33.006,0.20137325055799943,951.43,0
Kepler-58 b,10.218558,0.09215797565725162,1302.83,0
Kepler-58 c,54.15574300000001,0.28013639099788445,1302.83,0
Kepler-58 d,40.101371,0.22928694652142453,1302.83,0
OGLE-2012-BLG-0950L b,1620.4508794429719,2.7,3000.0,0
Kepler-245 b,7.490189999999999,0.07492068506372852,919.92,0
Kepler-245 d,36.277108,0.21446756562219052,919.92,0
Kepler-245 c,17.460812,0.1317193183253277,919.92,0
Kepler-245 e,3.21982106,0.04267376959521684,919.92,0
NY Virginis (AB) b,2900.0,3.3,613.18,4
HD 219077 b,5501.0,6.22,29.0,0
HW Vir (AB) b,4640.0,4.69,181.0,5
WASP-13 b,4.3530135,0.05379,155.0,0
HD 215152 b,7.2825,0.0652,21.5,0
HD 215152 c,10.866,0.0852,21.5,0
18 Del b,993.3,2.6,75.3,0
Kepler-210 c,7.9725,0.037102328510000004,265.15,0
Kepler-210 b,2.4532,0.014207696090000001,265.15,0
HD 210702 b,354.8,1.2,54.9,0
HD 165155 b,434.5,1.13,64.98,0
HD 210277 b,442.1,1.1,21.29,0
WASP-135 b,1.4013794,0.0243,300.0,0
HIP 67537 b,2592.5,4.96,112.6,0
Gliese 15 A b,11.4433,0.0717,3.5869999999999997,2
HD 330075 b,3.3877300000000004,0.039,50.2,0
HAT-P-55 b,3.6082215587042157,0.04604,480.0,0
Kepler-45 b,2.4552389999999997,0.027000000000000003,333.0,0
WASP-121 b,1.2749255,0.02544,270.0,0
Kepler-25 b,6.238536900000001,0.068,191.0,0
Kepler-25 c,12.720367800000002,0.11,191.0,0
Kepler-25 d,123.0,0.48403480509117747,191.0,0
WASP-70 A b,3.7130203,0.048530000000000004,245.0,2
HD 102956 b,6.495,0.081,126.0,0
WTS-1 b,3.35,0.047,3200.0,0
HD 66141 b,480.5,1.2,80.9,0
CoRoT-2 b,1.7429964,0.0281,300.0,0
HD 176051 b,1016.0,1.76,14.99,0
Kepler-295 b,12.645164,0.10622404316010876,737.84,0
Kepler-295 c,21.526258,0.1514440485265887,737.84,0
Kepler-295 d,33.884054,0.20492900294490565,737.84,0
XO-5 b,4.1877537,0.0487,255.0,0
EPIC 201367065 b,10.05449,0.0769,45.0,0
EPIC 201367065 c,24.643539999999998,0.1399,45.0,0
EPIC 201367065 d,44.55983,0.2076,45.0,0
Kepler-229 c,16.068638,0.12462138155540377,949.11,0
Kepler-229 d,41.194912,0.23343657534583864,949.11,0
Kepler-229 b,6.252972,0.06642488934038569,949.11,0
HD 9446 b,30.052,0.18899999999999997,53.0,0
HD 9446 c,192.9,0.654,53.0,0
HD 125612 b,502.0,1.37,52.82,0
HD 125612 c,4.1547,0.05,52.82,0
HD 125612 d,3008.0,4.2,52.82,0
Kepler-362 c,37.866281,0.22068608613584043,648.69,0
Kepler-362 b,10.327186,0.09280994521102721,648.69,0
Kepler-241 b,12.718092,0.10663206632872682,595.71,0
Kepler-241 c,36.065978,0.21363463313538203,595.71,0
Kepler-102 e,16.1457,0.12501950337435047,119.3,0
Kepler-102 d,10.3117,0.0927171406946117,119.3,0
Kepler-102 f,27.4536,0.178103608259011,119.3,0
Kepler-102 c,7.07142,0.0721014953600581,119.3,0
Kepler-102 b,5.28696,0.059394176701025835,119.3,0
HAT-P-37 b,2.7974360000000003,0.0378,411.0,0
EPIC 218916923 b,28.38229,0.1811,152.0,0
WASP-8 b,8.158714999999999,0.0801,87.0,2
HR 810 b,320.1,0.925,17.17,0
HAT-P-29 b,5.72318,0.0667,322.0,0
HD 4732 b,360.2,1.19,56.5,0
HD 4732 c,2732.0,4.6,56.5,0
WASP-140 b,2.2359835,0.0323,180.0,0
HD 1666 b,270.0,0.94,110.6,0
Kepler-434 b,12.874709900000001,0.1143,1240.0,0
Kepler-203 b,3.162697,0.0421675376477514,800.07,0
Kepler-203 c,5.370647,0.060019299501005645,800.07,0
Kepler-203 d,11.32972,0.09872321761301898,800.07,0
HAT-P-22 b,3.21222,0.0414,82.0,0
Kepler-261 b,10.381227,0.09313343947152256,359.31,0
Kepler-261 c,24.570857999999998,0.16540681467731408,359.31,0
HATS-10 b,3.312846,0.044910000000000005,496.0,0
HD 68402 b,1103.0,2.18,78.0,0
HATS-5 b,4.763387000000001,0.0542,257.0,0
Kepler-38 (AB) b,105.595,0.4644,3500.0,4
Kepler-52 c,16.384888,0.12625119620054012,356.41,0
Kepler-52 b,7.877407000000001,0.07748102784812279,356.41,0
Kepler-52 d,36.445171,0.21512943920319183,356.41,0
KOI-206 b,5.33408384,0.0679,1870.0,0
TrES-4 A b,3.55392771,0.0516,485.0,2
CFBDS 1458 b,9855.0,2.6,23.1,0
MOA-2007-BLG-400-L b,286.23228210722925,0.85,6000.0,0
HD 17156 b,21.2163979,0.1623,78.24,0
HD 1461 b,5.7727,0.063438,23.4,0
HD 1461 c,13.505,0.1117,23.4,0
WASP-31 b,3.405909,0.04657,400.0,0
BD-08 2823 b,5.6,0.055999999999999994,42.5,0
BD-08 2823 c,237.6,0.68,42.5,0
Gliese 876 b,61.086999999999996,0.21858899999999998,4.69,0
Gliese 876 c,30.0766,0.135985,4.69,0
Gliese 876 d,1.93787,0.0218393,4.69,0
Gliese 876 e,124.72,0.3343,4.69,0
CoRoT-26 b,4.20474,0.0526,1670.0,0
WASP-87 b,1.682795,0.029460000000000004,240.0,0
HD 117618 b,25.826999999999998,0.17600000000000002,38.0,0
HD 117618.02,318.0,0.93,38.0,1
EPIC 201338508 c,10.93241,0.0818,181.0,0
EPIC 201338508 b,5.73594,0.0532,181.0,0
GJ 682 b,17.477999999999998,0.08,5.079,1
GJ 682 c,57.32,0.17600000000000002,5.079,1
HD 154857 b,408.6,1.291,64.2,0
HD 154857 c,3452.0,5.36,64.2,0
HD 6718 b,2496.0,3.56,55.9,0
HATS-31 b,3.37796,0.0478,872.0,0
Kepler-54 b,8.01026,0.07834974586532067,499.51,0
Kepler-54 c,12.072389,0.10299164564977437,499.51,0
Kepler-54 d,20.995694,0.1489452553411118,499.51,0
Kepler-370 c,19.02293,0.13946271752323366,1139.98,0
Kepler-370 b,4.57953,0.053970170389658505,1139.98,0
HR 8799 b,166510.0,67.96,39.4,0
HR 8799 c,83255.0,42.81,39.4,0
HR 8799 d,41628.0,26.97,39.4,0
HR 8799 e,20816.0,16.99,39.4,0
Kapteyn b,48.61600000000001,0.168,3.91,1
Kapteyn c,121.54,0.311,3.91,0
MOA-2008-BLG-379L b,2189.5815978315354,3.3,3300.0,0
Kepler-149 b,29.198943,0.18557434533287326,588.12,0
Kepler-149 d,160.018032,0.5768361464083523,588.12,0
Kepler-149 c,55.328328000000006,0.2841656294362816,588.12,0
Kepler-188 c,5.996553,0.06459629877578876,1201.9,0
Kepler-188 b,2.061897,0.031704275125418874,1201.9,0
HAT-P-36 b,1.327,0.0238,317.0,0
HIP 65891 b,1084.5,2.81,136.0,0
HD 63454 b,2.8180490000000002,0.036000000000000004,35.8,0
HD 4113 b,526.62,1.28,44.0,0
Kepler-216 c,17.406669,0.13144688464822857,994.93,0
Kepler-216 b,7.693641,0.07627129645279147,994.93,0
83 Leonis B b,17.054000000000002,0.12186,17.79,2
83 Leonis B c,4970.0,5.4,17.79,2
HIP 5158 b,345.63,0.89,45.0,0
HIP 5158 c,9018.0,7.7,45.0,0
Kepler-154 b,33.040532,0.20151368177449994,882.88,0
Kepler-154 c,62.303276000000004,0.30757221883814506,882.88,0
Kepler-154 d,20.54981883,0.14682900256029036,882.88,0
Kepler-154 e,3.93276465,0.04876091223548269,882.88,0
Kepler-154 f,9.91935684,0.09035014617452482,882.88,0
Kepler-379 c,62.784696999999994,0.30915460415810814,758.7,0
Kepler-379 b,20.09838,0.14467068985399484,758.7,0
HD 173416 b,323.6,1.16,135.0,0
HAT-P-6 b,3.8530029999999997,0.05235,200.0,0
Kepler-226 c,5.3495550000000005,0.05986205499251636,1017.85,0
Kepler-226 b,3.9409970000000003,0.04882893511774294,1017.85,0
Kepler-226 d,8.109044,0.07899257809638534,1017.85,0
Kepler-400 b,9.024389,0.08483044045032573,716.62,0
Kepler-400 c,17.340823999999998,0.13111518856093926,716.62,0
Kepler-113 c,8.92507,0.08420688541330441,255.9,0
Kepler-113 b,4.754,0.05533237376012625,255.9,0
Kepler-454 b,10.57375339,0.0954,200.0,0
Kepler-454 c,523.9,1.286,200.0,0
KOI-285 b,13.748933,0.11800000000000001,367.56,0
KOI-285 c,26.72311,0.184,367.56,0
KOI-285 d,49.3568,0.278,367.56,0
HD 13189 b,471.6,1.85,185.0,0
HAT-P-27 b,3.039577,0.04,204.0,0
Kepler-405 c,29.726682,0.18780369894810187,1513.02,0
Kepler-405 b,10.613839,0.09451952141556304,1513.02,0
Kepler-29 b,10.33,0.09,1246.0,0
Kepler-29 c,13.2907,0.11,1246.0,0
Kepler-21 b,2.785755,0.042509,112.9,2
HAT-P-52 b,2.7535952999999997,0.03694,385.0,0
Kepler-403 b,7.031461999999999,0.07182962618681117,605.63,0
Kepler-403 c,54.280749,0.28056731201014495,605.63,0
Kepler-403 d,13.61159129,0.11156957628844306,605.63,0
Kepler-389 b,3.244107,0.04288808256617447,1101.76,0
Kepler-389 c,14.511429999999999,0.11643404651978134,1101.76,0
HD 73534 b,1800.0,3.15,96.99,0
HD 178911 B b,71.487,0.32,46.73,2
HD 65216 b,613.1,1.37,34.3,0
HD 65216 c,5542.0,6.128923461675954,34.3,0
HAT-P-42 b,4.641876,0.0575,447.0,0
DP Leo b,10230.0,8.19,400.0,4
HD 216435 b,1311.0,2.56,33.3,0
CoRoT-16 b,5.35227,0.0618,840.0,0
Kepler-252 c,10.848463,0.09590737217862078,337.11,0
Kepler-252 b,6.668391000000001,0.06933521842756829,337.11,0
HD 11964 A b,1945.0,3.16,33.98,2
HD 11964 A c,37.91,0.22899999999999998,33.98,2
WASP-50 b,1.955096,0.02945,230.0,0
Kepler-331 b,8.457496,0.08123958900754032,466.86,0
Kepler-331 c,17.28111,0.1308140143777275,466.86,0
Kepler-331 d,32.134328000000004,0.19781201419430397,466.86,0
HD 209458 b,3.52474859,0.04747,47.0,0
KOI-135 b,3.02409309,0.0444,1950.0,0
WASP-72 b,2.21672,0.03655,340.0,0
Gamma Leonis b,428.5,1.19,38.5,2
HD 27894 b,17.991,0.122,42.37,0
Kepler-381 c,13.391635,0.11036437785590364,243.23,0
Kepler-381 b,5.629021,0.061929146716699836,243.23,0
HD 129445 b,1840.0,2.9,67.61,0
Kepler-208 b,4.22864,0.05117686276571818,925.47,0
Kepler-208 c,7.466622999999999,0.07476344980118804,925.47,0
Kepler-208 e,16.259458,0.12560605046703827,925.47,0
Kepler-208 d,11.131786,0.09757002496376434,925.47,0
EPIC 201393098 b,28.679920000000003,0.1814,433.0,0
HD 33283 b,18.179000000000002,0.168,86.0,0
Kepler-114 c,8.041348,0.07855233305441382,267.07,0
Kepler-114 b,5.188549,0.0586548324575922,267.07,0
Kepler-114 d,11.776133999999999,0.10129974283057741,267.07,0
Kepler-85 b,8.305738,0.08026483831669216,804.74,0
Kepler-85 c,12.512597999999999,0.10548033770483518,804.74,0
Kepler-85 d,17.91323,0.13398487796205052,804.74,0
Kepler-85 e,25.216751000000002,0.168292955329005,804.74,0
Kepler-256 c,3.3880199999999996,0.044147267412298734,1394.65,0
Kepler-256 d,5.8391720000000005,0.06346106590748835,1394.65,0
Kepler-256 b,1.620493,0.027000467873942766,1394.65,0
Kepler-256 e,10.681572000000001,0.09492121714815702,1394.65,0
HD 30669 b,1684.0,2.69,57.1,0
Gliese 221 b,125.06,0.44799999999999995,20.0,0
Gliese 221 c,3.8731,0.044000000000000004,20.0,0
HD 181720 b,956.0,1.78,56.0,0
HD 16417 b,17.24,0.14,25.5,0
Kepler-267 b,3.353728,0.04384887022018712,415.67,0
Kepler-267 c,6.87745,0.07077689042795066,415.67,0
Kepler-267 d,28.464515000000002,0.18244937326201013,415.67,0
HD 69830 b,8.667,0.0785,12.6,0
HD 69830 c,31.56,0.18600000000000003,12.6,0
HD 69830 d,197.0,0.63,12.6,0
WASP-12 b,1.0914222,0.022930000000000002,250.0,2
HD 23596 b,1565.0,2.88,52.0,0
OGLE-TR-132 b,1.689868,0.03,1500.0,0
Gliese 433 b,7.3697,0.06,9.04,0
Gliese 433 c,3400.0,3.6,9.04,1
Kepler-380 b,3.930821,0.048744845174308236,811.74,0
Kepler-380 c,7.630004,0.07585013545270755,811.74,0
HD 67087 b,352.2,1.08,88.8,0
HD 67087 c,2374.0,3.86,88.8,0
WASP-84 b,8.5234865,0.0775,125.0,0
Kepler-98 b,1.54168,0.026117764957385516,437.2,0
HD 43691 b,36.96,0.24,93.2,0
WASP-104 b,1.7554136999999999,0.02918,143.0,0
HD 46375 A b,3.0239999999999996,0.040999999999999995,33.4,2
Kepler-171 b,4.166972,0.0506780899952558,854.42,0
Kepler-171 c,11.463462,0.09949861772254964,854.42,0
Kepler-171 d,39.595519,0.22735466871473717,854.42,0
HD 147018 b,44.236000000000004,0.2388,42.96,0
HD 147018 c,1008.0,1.922,42.96,0
CoRoT-20 b,9.2,0.0902,1230.0,0
Kepler-346 b,6.511127,0.06824077669317796,1384.64,0
Kepler-346 c,23.851549,0.1621626786287025,1384.64,0
Kepler-323 c,3.5538220000000003,0.045576079564873355,499.35,0
Kepler-323 b,1.6783270000000001,0.027639121677472324,499.35,0
HD 136418 b,464.3,1.32,98.2,0
Kepler-232 b,4.431222,0.052798573514404416,1323.08,0
Kepler-232 c,11.379349000000001,0.0990113073748723,1323.08,0
HD 98219 b,436.9,1.23,134.0,0
TrES-2,2.4706134019999997,0.03556,213.0,2
Kepler-398 b,4.081423,0.049982071942199786,187.15,0
Kepler-398 c,11.419412,0.09924356237588558,187.15,0
Kepler-398 d,6.83437001,0.07048101915524652,187.15,0
HATS-23 b,2.1605156,0.03397,747.0,0
HD 25171 b,1845.0,3.02,55.0,0
HD 109271 b,7.8543,0.079,62.0,0
HD 109271 c,30.93,0.196,62.0,0
WASP-2 A b,2.15222144,0.03138,165.8,2
WASP-109 b,3.3190233,0.0463,330.0,0
MOA-2010-BLG-477L b,1033.083007313546,2.0,2300.0,0
K2-39 b,4.60543,0.062,255.0,0
HD 180314 b,396.03,1.4,132.0,0
HD 217107 b,7.1268460000000005,0.07505,19.86,0
HD 217107 c,5189.0,6.074,19.86,0
Kepler-349 b,5.929778,0.06411586019494,987.72,0
Kepler-349 c,12.247629,0.10398591840820524,987.72,0
beta Pic b,8167.0,9.25,19.3,0
HD 153950 b,499.4,1.28,49.5,0
Kepler-240 c,7.9535279999999995,0.07797937077274253,840.27,0
Kepler-240 b,4.144495,0.050495684489786447,840.27,0
HD 204941 b,1733.0,2.56,27.0,0
Kepler-440 b,101.11140999999999,0.242,261.0,0
11 Com b,326.03,1.29,88.9,0
HD 149026 b,2.8758916,0.04288,78.9,0
HD 96167 b,498.9,1.3,84.0,0
NGC 4349 No 127 b,677.8,2.38,2176.0,7
WASP-90 b,3.916243,0.0562,340.0,0
HD 101930 b,70.46,0.302,30.49,0
Kepler-219 b,4.5855120000000005,0.054017159100019,953.85,0
Kepler-219 c,22.714613,0.15696762174230128,953.85,0
Kepler-219 d,47.903645000000004,0.2581381681223489,953.85,0
KELT-12 b,5.03145,0.0671,360.0,0
HIP 41378 b,15.5712,0.12203598350487382,116.0,0
HIP 41378 c,31.6978,0.19601648518706916,116.0,0
HIP 41378 d,157.0,0.5695601799132162,116.0,0
HIP 41378 e,131.0,0.5048015898543011,116.0,0
HIP 41378 f,324.0,0.9232157191549343,116.0,0
Kepler-439 b,178.1396,0.563,693.0,0
LkCa 15 b,40000.0,22.890037868004416,145.0,0
HD 13808 b,14.182,0.1017,28.6,0
HD 13808 c,53.832,0.2476,28.6,0
HD 175607 b,8.98,0.0845520369546398,45.27,0
HD 175607 c,1336.61,2.374704932273095,45.27,1
HIP 63242 b,124.6,0.565,135.0,0
HD 113337 b,324.0,0.92,36.9,0
KOI-188 b,3.79701816,0.0464,650.0,0
Kepler-174 b,13.98179,0.11358344416391952,360.14,0
Kepler-174 c,44.000529,0.24391871054401443,360.14,0
Kepler-174 d,247.35372999999998,0.771173610143972,360.14,0
HD 142245 b,1299.0,2.77,109.0,0
WASP-18 b,0.9414518,0.02047,100.0,0
iota Draconis b,510.702,1.275,31.5,0
HD 113538 b,663.2,1.24,15.87,0
HD 113538 c,1818.0,2.44,15.87,0
HD 102117 b,20.67,0.1532,42.0,0
HIP 74890 b,822.3,2.1,91.6,0
Kepler-306 c,7.240193,0.07324420661790834,772.83,0
Kepler-306 b,4.646186,0.05449260606236849,772.83,0
Kepler-306 d,17.326644,0.131043701498463,772.83,0
Kepler-306 e,44.840975,0.24701493651633774,772.83,0
HD 166724 b,5144.0,5.42,42.3,0
WASP-65 b,2.3114242999999997,0.0334,310.0,0
WASP-7 b,4.9546415999999995,0.0617,140.0,0
HD 147513 A b,528.4,1.32,12.9,2
HD 89307 b,2199.0,3.34,30.9,0
EPIC 201549860 b,5.6084,0.0555,249.0,3
HIP 68468 b,1.8372,0.029743000000000002,87.8,0
HIP 68468 c,194.0,0.665,87.8,0
WASP-85 A b,2.6556777,0.039,128.0,2
HD 114762 b,83.9151,0.353,39.46,2
Kepler-198 b,17.790036999999998,0.13336987715620796,516.78,0
Kepler-198 c,49.567415999999994,0.26408113007033823,516.78,0
Kepler-198 d,1.31184443,0.02345280219697314,516.78,0
EPIC 201617985 b,7.281610000000001,0.0586,111.0,1
HD 33142 b,326.6,1.06,126.0,0
HD 45364 b,226.93,0.6813,32.6,0
HD 45364 c,342.85,0.8972,32.6,0
Kepler-120 b,6.312501,0.06684580487243695,267.74,0
Kepler-120 c,12.794585000000001,0.10705919811900241,267.74,0
BD-10 3166 b,3.48777,0.0427,65.19,0
omi CrB b,187.83,0.83,82.8,0
Kepler-390 b,6.738088,0.06981750144204864,429.55,0
Kepler-390 c,13.060022,0.1085348280669918,429.55,0
HD 984 b,27893.24119746574,18.0,47.1,0
HD 219134 b,3.0931,0.038474,6.546,0
HD 219134 c,6.7635,0.064816,6.546,0
HD 219134 d,22.805,0.14574,6.546,0
HD 219134 e,46.71,0.23508,6.546,0
HD 219134 f,94.2,0.3753,6.546,0
HD 219134 g,2247.0,3.11,6.546,0
KOI-523.02,36.855,0.21673919730365016,1387.37,0
KOI-523.01,49.412,0.26352883296475654,1387.37,0
61 Vir b,4.215,0.050200999999999996,8.52,0
61 Vir c,38.021,0.2175,8.52,0
61 Vir d,123.01,0.47600000000000003,8.52,0
CoRoT-13 b,4.03519,0.051,1310.0,0
Kepler-352 c,16.332995,0.1259844863531558,279.58,0
Kepler-352 b,10.05537,0.09117418447129398,279.58,0
HD 205739 b,279.8,0.8959999999999999,90.3,0
HD 137388 b,330.0,0.89,38.0,0
HD 102195 b,4.113775,0.049,28.98,0
Kepler-201 b,25.672082999999997,0.17031278697144547,608.78,0
Kepler-201 c,151.884058,0.5571190107196533,608.78,0
NN Ser (AB) c,5654.6797,5.388999999999999,500.0,4
NN Ser (AB) d,2793.0,3.358,500.0,4
Kepler-393 b,9.182417,0.0858178950463237,788.49,0
Kepler-393 c,14.613612,0.11697998603672023,788.49,0
6 Lyn b,874.7739999999999,2.18,55.8,0
Kepler-368 b,26.84768,0.17547329265764836,765.99,0
Kepler-368 c,72.379334,0.3398987535766794,765.99,0
Kepler-452 b,384.843,1.046,430.0,0
Kepler-238 e,23.653647,0.16126443193663523,1659.85,0
Kepler-238 d,13.233548999999998,0.10949410468447157,1659.85,0
Kepler-238 c,6.155557,0.06573319698789556,1659.85,0
Kepler-238 b,2.0908759999999997,0.03200064279176565,1659.85,0
Kepler-238 f,50.444109999999995,0.26718587370107416,1659.85,0
HD 217786 b,1319.0,2.38,54.9,2
HD 23079 b,626.0,1.5,34.8,0
WASP-94 A b,3.9501907,0.055,180.0,2
WASP-94 B b,2.0083900000000003,0.0335,180.0,2
Kepler-366 b,3.2819589999999996,0.04322104713046322,1268.38,0
Kepler-366 c,12.516160000000001,0.1055003550313134,1268.38,0
POTS-1 b,3.1606296,0.03734,1200.0,0
Kepler-32 b,5.901263,0.06391014904460614,399.0,0
Kepler-32 c,8.752212,0.08311608326049363,399.0,0
Kepler-32 d,22.780815,0.15727246307349713,399.0,0
Kepler-32 e,2.896027,0.039762613453547015,399.0,0
Kepler-32 f,0.74295,0.01605386383053386,399.0,0
KOI-1873.02,34.921,0.20908889368865105,1680.75,0
KOI-1873.01,71.312,0.33654896664983136,1680.75,0
WASP-22 b,3.5327312999999996,0.04698,300.0,0
HD 41004 A b,963.0,1.7,43.03,2
HATS-30 b,3.1743516,0.043539999999999995,339.0,0
HD 62509 b,589.64,1.69,10.34,0
Kepler-292 f,20.834236999999998,0.14818068009769217,1216.22,0
Kepler-292 d,7.055679,0.07199445687534012,1216.22,0
Kepler-292 e,11.97901,0.10245987032799578,1216.22,0
Kepler-292 c,3.715335,0.046946710749132925,1216.22,0
Kepler-292 b,2.580827,0.036822430061286035,1216.22,0
Kepler-374 c,3.282807,0.04322849184459087,950.89,0
Kepler-374 d,5.028219,0.0574402039735482,950.89,0
Kepler-374 b,1.897806,0.02999906556369661,950.89,0
WASP-41 b,3.052404,0.04,180.0,0
WASP-41 c,421.0,1.07,180.0,0
HD 20794 b,18.315,0.1207,6.06,0
HD 20794 c,40.114000000000004,0.2036,6.06,0
HD 20794 d,90.309,0.3499,6.06,0
HD 162020 b,8.428198,0.07400000000000001,31.26,0
HD 31253 b,466.0,1.26,50.3,0
HD 43197 b,327.8,0.92,54.9,0
EPIC 201384232 b,30.941909999999996,0.1898,343.0,2
Kepler-59 b,11.8681707,0.10182686498140696,811.89,0
Kepler-59 c,17.980123499999998,0.1343182311472152,811.89,0
Kepler-342 b,15.170318,0.11993233982062783,807.28,0
Kepler-342 d,39.459357000000004,0.2268331478119794,807.28,0
Kepler-342 c,26.234138,0.17278964648159822,807.28,0
Kepler-342 e,1.64422461,0.027263437517881517,807.28,0
HD 171028 b,550.0,1.32,90.0,0
HAT-P-33 b,3.474474,0.0503,387.0,2
Kepler-121 b,3.177422,0.04229831973479135,583.6,0
Kepler-121 c,41.008010999999996,0.23272997372781912,583.6,0
GJ 1132 b,1.62893,0.02709410428777496,12.04,0
Kepler-258 b,13.197220000000002,0.10929362263451498,836.13,0
Kepler-258 c,33.653079,0.20399665846980614,836.13,0
WASP-57 b,2.838971,0.0386,455.0,0
WASP-52 b,1.7497798,0.02841812690494483,140.0,0
Kepler-343 b,8.96855,0.0844801493024895,1091.93,0
Kepler-343 c,23.22182,0.15929568795315519,1091.93,0
HD 1605 b,577.9,1.48,84.6,0
HD 1605 c,2111.0,3.52,84.6,0
HATS-16 b,2.686502,0.03744,774.0,0
HD 40307 b,4.3123,0.0468,12.8,0
HD 40307 c,9.6184,0.0799,12.8,0
HD 40307 d,20.432000000000002,0.1321,12.8,0
HD 40307 e,34.62,0.1886,12.8,0
HD 40307 f,51.76,0.247,12.8,0
HD 40307 g,197.8,0.6,12.8,0
HD 45184 b,5.8872,0.0638,21.9,0
HD 11506 b,1627.5,2.708,51.7,0
HD 11506 c,223.6,0.721,51.7,0
OGLE-2012-BLG-0358L b,296.39379232524,0.87,1760.0,0
HATS-19 b,4.569673000000001,0.0589,780.0,0
WASP-141 b,3.310651,0.0469,570.0,0
PH-2 b,282.5255,0.828,369.8,0
Kepler-197 c,10.349695,0.08900000000000001,313.87,0
Kepler-197 d,15.677563000000001,0.11699999999999999,313.87,0
Kepler-197 b,5.599308000000001,0.059000000000000004,313.87,0
Kepler-197 e,25.209715,0.16,313.87,0
HD 221287 b,456.1,1.25,52.9,0
HATS-25 b,4.2986432,0.051629999999999995,466.0,0
tau Boo A b,3.3124568,0.049,15.62,2
HIP 13044 b,16.2,0.11599999999999999,701.0,1
HD 45652 b,43.6,0.23,36.0,0
OGLE235-MOA53 b,4206.738234450475,5.1,5200.0,0
Kepler-301 b,2.508553,0.03613172568194043,734.49,0
Kepler-301 d,13.751242999999999,0.1123313956257152,734.49,0
Kepler-301 c,5.419026000000001,0.06037919799509627,734.49,0
HD 107148 b,48.056000000000004,0.26899999999999996,51.3,0
Kepler-185 c,20.729042,0.14768146931233753,575.07,0
Kepler-185 b,1.6329,0.027138108613420458,575.07,0
HD 22781 b,528.07,1.167,31.79,0
Kepler-140 b,3.25427,0.042977607833462085,638.17,0
Kepler-140 c,91.353282,0.3969684150738583,638.17,0
Kepler-67 b,15.7259,0.1171,1107.0,7
Kepler-50 b,7.812539999999999,0.077,269.79,0
Kepler-50 c,9.37647,0.087,269.79,0
HD 1502 b,431.8,1.31,159.0,0
HD 175541 b,297.3,1.03,128.0,0
OGLE-2013-BLG-0341L B b,214.83047703255588,0.7020000000000001,911.0,2
42 Dra b,479.1,1.19,96.5,0
HD 99109 b,439.3,1.105,60.5,0
HD 136352 b,11.577,0.0933,14.8,0
HD 136352 c,27.581999999999997,0.1665,14.8,0
HD 136352 d,106.72,0.41100000000000003,14.8,0
HD 86226 b,1695.0,2.84,42.48,0
HD 125595 b,9.6737,0.0809,27.4,0
Kepler-424 b,3.3118644,0.044000000000000004,661.72,0
Kepler-424 c,223.3,0.73,661.72,0
Kepler-236 c,23.968127,0.16269064529632649,293.01,0
Kepler-236 b,8.295611,0.08019958164014605,293.01,0
Kepler-231 c,19.271566,0.14067530153293306,280.31,0
Kepler-231 b,10.065275,0.09123404847759006,280.31,0
CoRoT-14 b,1.51214,0.027000000000000003,1340.0,0
Kepler-332 b,7.626324,0.0758257448197227,379.55,0
Kepler-332 c,15.995622000000001,0.12424357479895792,379.55,0
Kepler-332 d,34.21154,0.2062472973278419,379.55,0
WASP-75 b,2.484193,0.0375,260.0,0
Gliese 163 b,8.63182,0.0607,15.0,0
Gliese 163 c,25.63058,0.1254,15.0,0
Gliese 163 d,382.03134689818586,1.0304,15.0,0
Kepler-291 b,3.546511,0.045513551378042715,1899.9,0
Kepler-291 c,5.700786,0.06245439551290216,1899.9,0
KELT-15 b,3.3294410000000005,0.046130000000000004,291.0,0
Kepler-100 c,12.8159,0.11,296.6,0
Kepler-100 b,6.88705,0.0727,296.6,0
Kepler-100 d,35.3331,0.21600000000000003,296.6,0
Kepler-406 b,2.4262900000000003,0.03533743227045171,353.6,0
Kepler-406 c,4.62332,0.054313670448301585,353.6,0
Kepler-24 c,12.33336,0.10447060806621561,1462.04,0
Kepler-24 b,8.145207000000001,0.07922725348537635,1462.04,0
Kepler-24 e,18.998355,0.13934258059236698,1462.04,0
Kepler-24 d,4.244383999999999,0.05130381128404751,1462.04,0
HD 188015 A b,456.46,1.19,52.6,2
WASP-54 b,3.6936411,0.04987,200.0,0
HD 108341 b,1129.0,2.0,49.4,0
EPIC 201613023 b,8.282119999999999,0.0802,294.0,0
Kepler-172 b,2.940309,0.04016691702138178,901.77,0
Kepler-172 c,6.388996,0.06738474580425308,901.77,0
Kepler-172 d,14.627119,0.1170520560753184,901.77,0
Kepler-172 e,35.118736,0.20987744463497537,901.77,0
OGLE-2013-BLG-1761L b,882.0617350843421,1.8,6900.0,0
Kepler-212 c,31.805173999999997,0.1964588967395367,726.97,0
Kepler-212 b,16.257582,0.1255963887475981,726.97,0
HD 88133 b,3.4160000000000004,0.047,74.5,0
HD 102329 b,778.1,2.01,158.0,0
alf Tau b,628.96,1.46,20.43,3
HIP 91258 b,5.0505,0.057,44.9,0
Kepler-356 c,13.121632,0.10887589866575552,672.47,0
Kepler-356 b,4.612696,0.05423043305545588,672.47,0
Kepler-187 c,10.640263000000001,0.0946763323273348,1106.61,0
Kepler-187 b,4.938864,0.05675767041479526,1106.61,0
WASP-37 b,3.577471,0.04339,338.0,0
HD 95127 b,482.0,1.28,327.0,0
HAT-P-14 b,4.627657,0.0594,205.0,2
Kepler-340 c,22.824669,0.15747423565110202,806.0,0
Kepler-340 b,14.844387,0.11820831561385803,806.0,0
HD 102365 b,122.1,0.46,9.24,0
HD 216770 b,118.45,0.46,38.0,0
HD 106515 A b,3630.0,4.59,35.2,0
EPIC 201577035 b,19.3044,0.14083504022967294,271.0,0
Wolf 1061 b,4.8876,0.035509,4.2922,0
Wolf 1061 c,17.867,0.08427,4.2922,0
Wolf 1061 d,67.27,0.2039,4.2922,0
KOI-314 b,13.7813,0.091,114.07,0
KOI-314 c,23.0881,0.128,114.07,0
Kepler-138 b,10.3126,0.075,114.07,0
HD 12648 b,133.6,0.54,158.4,0
Kepler-394 b,8.005013,0.07831552758272166,1422.08,0
Kepler-394 c,12.130686,0.10332294058801546,1422.08,0
HD 134060 b,3.27,0.0444,24.2,0
HD 134060 c,1160.9,2.2263,24.2,0
Kepler-347 b,12.79836,0.10708025539188916,1004.99,0
Kepler-347 c,27.320871,0.17752909700947803,1004.99,0
HD 196067 b,3638.0,5.02,44.3,0
HD 149143 b,4.088,0.052000000000000005,63.0,0
HD 85390 b,788.0,1.52,33.96,0
HD 5891 b,177.11,0.76,251.0,0
Kepler-422 b,7.8914482999999995,0.08199999999999999,651.31,0
HD 100655 b,157.57,0.76,122.0,0
HD 97658 b,9.4903,0.08,21.11,0
HIP 70849 b,10000.0,10.0,24.0,2
HD 37124 b,154.378,0.53364,33.0,0
HD 37124 c,885.5,1.71,33.0,0
HD 37124 d,1862.0,2.807,33.0,0
EPIC 211391664 b,10.13675,0.0943,435.0,0
HIP 107773 b,144.3,0.72,104.0,0
KELT-18 b,2.8717517999999997,0.0455,311.0,0
HD 93385 b,13.186,0.1116,42.2,0
HD 93385 c,46.025,0.257,42.2,0
HD 155233 b,885.0,2.07,75.1,0
EPIC 201295312 b,5.65639,0.06212972253922284,331.0,0
Kepler-16 (AB) b,228.77599999999998,0.7048,60.0,4
KELT-6 b,7.845582,0.08,222.0,0
KELT-6 c,1276.0,2.39,222.0,0
HAT-P-16 b,2.7759712000000003,0.0413,235.0,2
XO-2S b,18.157,0.1344,148.0,2
XO-2S c,120.8,0.4756,148.0,2
XO-2N b,2.61585922,0.03673,148.0,2
EPIC 210490365 b,3.484552,0.044981902186311526,45.7,7
OGLE-TR-111 b,4.01451,0.047,1500.0,0
HD 33844 b,547.9,1.59,100.9,0
HD 33844 c,924.3,2.25,100.9,0
EPIC 201629650 b,39.91488,0.2114,290.0,2
Kepler-300 c,40.714954999999996,0.23161987506154447,753.63,0
Kepler-300 b,10.446347,0.09352250886450941,753.63,0
HD 11977 b,621.6,1.89,66.5,0
Kepler-319 c,6.941357000000001,0.07121466532866573,542.69,0
Kepler-319 d,31.781925,0.19636314650033207,542.69,0
Kepler-319 b,4.362705,0.05225290202481024,542.69,0
Kepler-387 b,6.7916360000000005,0.07018690922052355,738.47,0
Kepler-387 c,11.837549000000001,0.10165163695916696,738.47,0
HAT-P-65 b,2.6054552,0.03951,841.0,0
Kepler-46 b,33.601528,0.1968,855.0,0
Kepler-46 c,57.011,0.2799,855.0,0
Kepler-46 d,6.766589,0.067,855.0,0
Kepler-136 b,11.5789,0.10016547443334292,539.57,0
Kepler-136 c,16.399235,0.12632488449488619,539.57,0
Kepler-134 b,5.317429,0.05962215237377218,414.47,0
Kepler-134 c,10.105785000000001,0.09147867942032406,414.47,0
Kepler-217 b,5.374943,0.06005130167230931,1054.36,0
Kepler-217 c,8.586003999999999,0.08206045258940715,1054.36,0
Kepler-217 d,3.88689525,0.048381026078847145,1054.36,0
HD 218566 b,225.7,0.6873,28.55,0
Kepler-143 c,27.082511,0.17649502539245013,890.59,0
Kepler-143 b,16.007583,0.124305503921525,890.59,0
Kepler-311 b,9.176092,0.085778482001445,803.71,0
Kepler-311 c,19.738286,0.14293748681442917,803.71,0
WASP-1 b,2.5199464,0.03889,380.0,2
HD 13908 b,19.382,0.154,71.3,0
HD 13908 c,931.0,2.03,71.3,0
KIC 9632895 b,240.503,0.7877,500.0,4
SAND364 b,121.71,0.48064455329260414,750.0,7
WASP-76 b,1.809886,0.033,120.0,0
Kepler-315 b,96.101141,0.41060624114548366,1363.58,0
Kepler-315 c,265.469335,0.8083809890814312,1363.58,0
HAT-P-26 b,4.234516,0.0479,134.0,0
HD 72659 b,3658.0,4.74,49.8,0
Kepler-243 b,5.7154419999999995,0.06256139126960283,808.4,0
Kepler-243 c,20.026218,0.14432419481274958,808.4,0
Kepler-286 b,1.796302,0.028919631351365833,1188.84,0
Kepler-286 c,3.468095,0.044840162093599596,1188.84,0
Kepler-286 d,5.914323,0.06400440671839534,1188.84,0
Kepler-286 e,29.221289000000002,0.1856690134987605,1188.84,0
HIP 67851 b,88.9,0.46,66.0,0
HIP 67851 c,2131.8,3.82,66.0,0
Kepler-446 b,1.565409,0.067,120.0,0
Kepler-446 c,3.036179,0.10400000000000001,120.0,0
Kepler-446 d,5.148921,0.147,120.0,0
HD 24064 b,536.6,1.29,264.4,0
Kepler-321 c,13.093921,0.1087225578334203,461.82,0
Kepler-321 b,4.915379,0.05657760032499172,461.82,0
GJ 27.1 b,15.819,0.10099999999999999,24.0,1
Kepler-119 b,2.422082,0.035296562484141335,623.74,0
Kepler-119 c,4.125103,0.05033804927733724,623.74,0
Kepler-251 c,16.514043,0.12691378340868095,1016.85,0
Kepler-251 d,30.133001,0.18951115315700853,1016.85,0
Kepler-251 b,4.790936,0.055618605589414595,1016.85,0
Kepler-251 e,99.64016099999999,0.4206260160779861,1016.85,0
eps Eridani b,2651.0,3.51,3.2161,1
WASP-3 b,1.8468372,0.0313,220.0,2
HD 102272 b,127.58,0.614,360.0,0
HD 102272 c,520.0,1.57,360.0,0
HD 81688 b,184.02,0.81,85.8,0
HAT-P-24 b,3.3552400000000002,0.0465,396.0,2
Kepler-107 e,14.749049,0.124,512.66,0
Kepler-107 c,4.901425,0.0597,512.66,0
Kepler-107 b,3.179997,0.0448,512.66,0
Kepler-107 d,7.958203,0.0825,512.66,0
HD 5583 b,139.35,0.53,221.0,0
Kepler-377 c,27.014976,0.17620148907126768,865.2,0
Kepler-377 b,12.509528999999999,0.10546308936088031,865.2,0
Kepler-303 b,1.937055,0.030411264955693174,192.34,0
Kepler-303 c,7.061149,0.0720316617814733,192.34,0
HD 98649 b,4951.0,5.6,40.3,0
HD 10180 b,1.17766,0.0222,39.4,0
HD 10180 c,5.75973,0.0641,39.4,0
HD 10180 i,9.655,0.0904,39.4,1
HD 10180 d,16.354,0.1284,39.4,0
HD 10180 e,49.75,0.27,39.4,0
HD 10180 j,67.55,0.33,39.4,1
HD 10180 f,122.88,0.494,39.4,0
HD 10180 g,596.0,1.415,39.4,0
HD 10180 h,2300.0,3.49,39.4,0
Kepler-336 d,20.678772,0.14744261114941445,794.61,0
Kepler-336 c,9.600000999999999,0.08840036043802998,794.61,0
Kepler-336 b,2.024823,0.03132308727036637,794.61,0
HD 152581 b,689.0,1.48,186.0,0
Kepler-144 b,5.885273000000001,0.06379465000215512,385.13,0
Kepler-144 c,10.104664999999999,0.09147192038652716,385.13,0
HD 20868 b,380.85,0.9470000000000001,46.2,0
CoRoT-7 b,0.853585,0.0172,150.0,0
CoRoT-7 c,3.698,0.046,150.0,0
2M 2206-20 b,8686.0,4.48,26.67,0
HD 73267 b,1260.0,2.198,54.2,0
Kepler-181 c,4.302149,0.051768249747006966,628.45,0
Kepler-181 b,3.137873,0.04194659940030163,628.45,0
HAT-P-13 b,2.916243,0.0426,214.0,0
HAT-P-13 c,448.2,1.186,214.0,0
Kepler-326 c,4.580358,0.053976675562981156,386.07,0
Kepler-326 b,2.248329,0.03358766078522832,386.07,0
Kepler-326 d,6.766888000000001,0.07001630307693155,386.07,0
HIP 8541 b,1560.0,2.8,169.0,0
HATS-34 b,2.1061607,0.03166,532.0,0
Kepler-168 c,13.193242000000001,0.1092716588231628,1230.24,0
Kepler-168 b,4.425391,0.05275224527931122,1230.24,0
Kepler-124 c,13.821375,0.11271300205876886,358.8,0
Kepler-124 d,30.950851,0.19292488347857278,358.8,0
Kepler-124 b,3.410493,0.044342273730305304,358.8,0
HD 118203 b,6.1335,0.07,88.6,0
KELT-3 b,2.70339,0.041260000000000005,178.0,0
MOA-2009-BLG-319 b,1033.083007313546,2.0,6100.0,0
HD 3167 b,0.959627,0.01904034541550054,45.8,0
HD 3167 c,29.8452,0.1883025404648166,45.8,0
HIP 97233 b,1058.8,2.55,106.0,0
Kepler-263 b,16.568087,0.1271905253647419,879.65,0
Kepler-263 c,47.332772999999996,0.25608323604961225,879.65,0
OGLE-2014-BLG-0676L,3371.0813997885016,4.4,2220.0,0
HD 92788 b,325.81,0.97,32.82,0
Pr0211 b,2.14609,0.03184,177.0,7
Pr0211 c,5300.0,5.8,177.0,7
HATS-35 b,1.8209933,0.03199,557.0,0
HD 139357 b,1125.7,2.36,118.2,0
Kepler-385 c,15.163160999999999,0.11989461601188198,1677.42,0
Kepler-385 b,10.043686,0.09110354323972386,1677.42,0
HD 285507 b,6.0881,0.0652520812784369,41.339,7
K2-33 b,5.42513,0.0409,145.0,0
Kepler-62 b,5.714932,0.0553,368.0,0
Kepler-62 c,12.4417,0.0929,368.0,0
Kepler-62 d,18.16406,0.12,368.0,0
Kepler-62 e,122.3874,0.42700000000000005,368.0,0
Kepler-62 f,267.291,0.718,368.0,0
mu Leo b,357.8,1.1,38.05,0
Gliese 179 b,2288.0,2.41,12.29,0
KELT-17 b,3.0801716,0.04881,210.0,0
Kepler-410 A b,17.833648,0.1226,132.0,2
HD 110014 b,882.6,2.31,90.0,0
HD 110014 c,130.0,0.64,90.0,0
alf Ari b,380.8,1.2,20.18,0
Kepler-391 b,7.416755,0.0744301919438169,1174.48,0
Kepler-391 c,20.485435,0.14652215940812544,1174.48,0
HIP 11915 b,3830.0,4.8,57.3,1
KOI-192 b,10.290994,0.091,1100.0,0
OGLE-05-071L b,3600.0,3.6,3300.0,0
HD 74156 b,51.6385,0.2916,64.4,0
HD 74156 c,2448.9,3.82,64.4,0
Kepler-350 c,17.848568,0.13366225046447505,1130.55,0
Kepler-350 d,26.13591,0.17235806147655763,1130.55,0
Kepler-350 b,11.189561999999999,0.09790733774972177,1130.55,0
HD 70573 b,851.8,1.76,45.7,1
HAT-P-39 b,3.5438699999999996,0.0509,642.0,0
HD 179949 b,3.0925,0.045,27.0,0
Kepler-316 c,6.8277660000000004,0.07043560825433685,344.01,0
Kepler-316 b,2.240508,0.03350972390303909,344.01,0
Kepler-108 b,49.183921000000005,0.25,860.98,0
Kepler-108 c,190.32349399999998,0.62,860.98,0
HD 142022 A b,1928.0,3.03,35.87,2
HD 50554 b,1293.0,2.41,31.03,0
OGLE-2008-BLG-092L b,17120.058843721887,13.0,7000.0,2
HD 33564 b,388.0,1.1,20.98,0
HD 41248 b,18.357,0.13699999999999998,52.38,1
HD 41248 c,25.648000000000003,0.172,52.38,1
HD 38529 A b,14.3104,0.131,39.28,2
HD 38529 A c,2134.76,3.695,39.28,2
CoRoT-23 b,3.6314,0.0477,600.0,0
HD 16175 b,990.0,2.1,59.8,0
MOA-2011-BLG-293L b,421.3851749735627,1.1,7700.0,0
Kepler-160 c,13.699086999999999,0.11204718053996857,859.11,0
Kepler-160 b,4.3094269999999995,0.05182661796725314,859.11,0
30 Ari B b,345.4,1.01,41.8,2
Kepler-271 b,5.217738,0.058874608050126315,434.75,0
Kepler-271 c,7.410935,0.07439124945115039,434.75,0
Kepler-271 d,5.24972541,0.05911498389109885,434.75,0
beta Cancri b,605.2,1.7,93.0,0
WASP-6 b,3.3610059999999997,0.0421,307.0,0
Kepler-265 c,17.028937,0.1295383048227182,1511.13,0
Kepler-265 b,6.846261999999999,0.07056275472526122,1511.13,0
Kepler-265 e,67.831024,0.32550582580305576,1511.13,0
Kepler-265 d,43.130617,0.24069309470554157,1511.13,0
HD 104067 b,55.806000000000004,0.2643,20.8,0
Kepler-186 c,7.267301,0.052000000000000005,151.0,0
Kepler-186 d,13.342996,0.0781,151.0,0
Kepler-186 b,3.8867906999999997,0.0343,151.0,0
Kepler-186 e,22.407704000000003,0.11,151.0,0
Kepler-186 f,77.58275929222937,0.35600000000000004,151.0,0
HD 28185 b,383.0,1.03,39.4,0
HD 108147 b,10.8985,0.102,38.57,0
HD 111232 b,1143.0,1.97,29.0,0
Kepler-183 c,11.637071,0.10050067368255908,1092.31,0
Kepler-183 b,5.687945,0.062360574734551144,1092.31,0
HD 38283 b,363.2,1.02,37.7,0
Kepler-371 b,34.763278,0.20845884695867054,637.54,0
Kepler-371 c,67.96801500000001,0.32594393774667213,637.54,0
Kepler-246 b,4.60182,0.0541451550585492,768.87,0
Kepler-246 c,11.187161,0.09789333160568467,768.87,0
BD+20 1790 b,7.78287,0.066,25.4,0
WASP-19 b,0.78884,0.01655,250.0,0
HD 39091 b,2049.0,3.28,18.32,0
Kepler-159 b,10.139623,0.09168276916760901,457.7,0
Kepler-159 c,43.595791999999996,0.24242062402456793,457.7,0
Kepler-75 b,8.884911599999999,0.0818,1140.0,0
CoRoT-28 b,5.2085099999999995,0.059000000000000004,560.0,0
Kepler-310 c,56.47541999999999,0.28807981525951587,713.11,0
Kepler-310 d,92.876125,0.40136784361380834,713.11,0
Kepler-310 b,13.930698000000001,0.11330657234663775,713.11,0
HD 141399 b,94.35,0.4225,36.17,0
HD 141399 c,202.08,0.7023,36.17,0
HD 141399 d,1070.35,2.1348,36.17,0
HD 141399 e,3717.35,4.8968,36.17,0
K2-26 b,14.5665,0.0962,93.0,0
Kepler-279 c,35.740844,0.21234875522962662,1287.1,0
Kepler-279 b,12.309681,0.10433684880015416,1287.1,0
Kepler-279 d,54.399606000000006,0.28097672948596564,1287.1,0
HAT-P-9 b,3.922814,0.053,480.0,0
WASP-83 b,4.971252,0.059000000000000004,300.0,0
HATS-22 b,4.7228124000000005,0.05025,207.9,0
Kepler-205 b,2.75564,0.03846698697377934,172.98,0
Kepler-205 c,20.306546,0.14566791021112596,172.98,0
HD 208527 b,875.5,2.1,320.2,0
HD 11755 b,433.7,1.08,231.5,0
HD 192263 b,24.3587,0.15312,19.9,0
HD 19994 A b,535.7,1.42,22.38,2
EPIC 201637175 b,0.381071,0.0088,225.0,2
HAT-P-17 b,10.338523,0.0882,90.0,0
HAT-P-17 c,1798.0,2.75,90.0,0
HATS-24 b,1.3484954,0.02547,510.0,0
Kepler-147 c,33.416422999999995,0.2030391672148324,1106.65,0
Kepler-147 b,12.610584,0.10603029828335907,1106.65,0
Kepler-313 b,14.970417999999999,0.11887644292123131,1159.02,0
Kepler-313 c,32.273272999999996,0.198381814426012,1159.02,0
HD 169830 b,229.9,0.82,36.32,0
HD 169830 c,2102.0,3.6,36.32,0
BD-17 63 b,655.6,1.34,35.7,0
Kepler-11 b,10.3039,0.091,613.20279,0
Kepler-11 c,13.0241,0.107,613.20279,0
Kepler-11 d,22.6845,0.155,613.20279,0
Kepler-11 e,31.9996,0.195,613.20279,0
Kepler-11 f,46.6888,0.25,613.20279,0
Kepler-11 g,118.3807,0.466,613.20279,0
HD 42618 b,149.61,0.5539999999999999,23.5,0
Kepler-200 b,8.594805000000001,0.0821165198601526,643.59,0
Kepler-200 c,10.222157000000001,0.09217961322345843,643.59,0
Kepler-444 b,3.6001053,0.04178,35.7,2
Kepler-444 c,4.545884099999999,0.04881,35.7,2
Kepler-444 d,6.189392,0.06,35.7,2
Kepler-444 e,7.743492999999999,0.0696,35.7,2
Kepler-444 f,9.740486,0.0811,35.7,2
WASP-119 b,2.49979,0.0363,333.0,0
HD 168443 b,58.112469999999995,0.2931,37.38,0
HD 168443 c,1749.83,2.8373,37.38,0
Kepler-285 b,2.633867,0.03732522298531281,864.99,0
Kepler-285 c,6.186676,0.06595455054901041,864.99,0
Kepler-48 b,4.7779803,0.05551829072746921,313.14,0
Kepler-48 c,9.673928300000002,0.08885361322955762,313.14,0
Kepler-48 d,42.8961,0.2398198109621268,313.14,0
Kepler-48 e,982.0,1.93351483596462,313.14,0
HAT-P-53 b,1.9616241,0.03159,719.0,0
EPIC 201208431 b,10.00329,0.0777,218.0,2
Kepler-218 c,44.699576,0.24649538124692605,675.18,0
Kepler-218 b,3.6193370000000002,0.046134505010680324,675.18,0
Kepler-218 d,124.52446470000001,0.4880260141116596,675.18,0
Kepler-262 c,21.853722,0.15297605594965896,717.13,0
Kepler-262 b,13.060855,0.10853944309498677,717.13,0
HD 290327 b,2443.0,3.43,54.9,0
Psi-1 Draconis B b,3117.0,4.43,22.93,2
EPIC 206318379 b,2.26041,0.0216,53.0,0
Kepler-204 b,14.400974,0.11584245722952596,854.31,0
Kepler-204 c,25.660593,0.17026196549024972,854.31,0
HD 87883 b,2754.0,3.6,18.1,0
HD 164604 b,606.4,1.13,38.0,0
HD 103774 b,5.8881,0.07,55.0,0
Kepler-77 b,3.5787087,0.04501,570.0,0
GJ 422 b,26.160999999999998,0.11900000000000001,12.67,1
HD 133131 A b,649.0,1.44,47.0,2
HD 133131 A c,3407.0,4.36,47.0,2
HD 133131 B b,6119.0,6.547268513877955,47.0,2
Kepler-63 b,9.434150500000001,0.08,200.0,0
PTFO 8-8695 b,0.448413,0.008,330.0,1
HATS-4 b,2.516729,0.0362,420.0,0
HD 132406 b,974.0,1.98,71.0,0
Kepler-104 b,11.427548,0.09929069555422974,491.0,0
Kepler-104 c,23.668205,0.16133059359720067,491.0,0
Kepler-104 d,51.755394,0.2717963350489754,491.0,0
OGLE-2011-BLG-0265L b,1033.083007313546,2.0,3500.0,0
HATS-17 b,16.254610999999997,0.1308,339.0,0
HD 38858 b,407.15,1.0376,15.2,9
HD 100546 b,140930.1872641646,53.0,97.0,0
HD 100546 c,18117.191603169005,13.5,97.0,1
HD 3651 b,62.23,0.284,11.0,0
HD 3651.02,31.08,0.18600000000000003,11.0,1
OGLE-2011-BLG-0251 b,1638.4891907754536,2.72,2570.0,0
HATS-3 b,3.547849,0.0497,556.0,0
HD 4308 b,15.609000000000002,0.11800000000000001,21.9,0
HAT-P-45 b,3.1289919999999998,0.0452,305.0,0
Kepler-339 b,4.977656,0.05705448243788755,691.82,0
Kepler-339 d,10.558345,0.09418977282034655,691.82,0
Kepler-339 c,6.988055,0.07153370618634794,691.82,0
PSR J1719-1438 b,0.09070629300000001,0.00442,1200.0,0
Kepler-60 b,7.132000000000001,0.07497000000000001,664.24,0
Kepler-60 c,8.9177,0.08701,664.24,0
Kepler-60 d,11.902999999999999,0.10547999999999999,664.24,0
Kepler-253 c,10.281951,0.09253873039916286,919.62,0
Kepler-253 d,18.119869,0.13501330006247034,919.62,0
Kepler-253 b,3.783986,0.047523257026444325,919.62,0
Kepler-355 c,25.762294,0.17071153666090483,1432.65,0
Kepler-355 b,11.031889999999999,0.09698542325864695,1432.65,0
Kepler-137 c,18.735753,0.13805557584808922,288.7,0
Kepler-137 b,8.436387,0.08110435586533837,288.7,0
HD 81040 b,1001.7,1.94,32.56,0
Kepler-320 c,17.934936999999998,0.13409309677265602,767.15,0
Kepler-320 b,8.371554,0.0806883012460585,767.15,0
WASP-10 b,3.0927616,0.0371,90.0,0
HD 215497 b,3.93404,0.047,44.0,0
HD 215497 c,567.94,1.2819999999999998,44.0,0
WTS-2 b,1.0187068000000001,0.01855,1000.0,0
Kepler-282 d,24.805787,0.16645947621662055,1052.2,0
Kepler-282 e,44.346937,0.2451972544060751,1052.2,0
Kepler-282 b,9.220524000000001,0.08605516044595951,1052.2,0
Kepler-282 c,13.638723,0.1117177866668883,1052.2,0
Kepler-135 b,6.00253,0.06463921542777445,561.29,0
Kepler-135 c,11.448708,0.0994132265504998,561.29,0
WASP-103 b,0.925542,0.019780000000000002,470.0,0
Kepler-162 c,19.446355,0.14152461758690354,773.85,0
Kepler-162 b,6.919797999999999,0.07106713290623173,773.85,0
XO-3 b,3.1915239,0.0454,260.0,0
Kepler-224 c,5.925003,0.06408143570936273,773.13,0
Kepler-224 d,11.349393,0.09883746699275543,773.13,0
Kepler-224 b,3.132924,0.04190248282247962,773.13,0
Kepler-224 e,18.643577,0.13760240064395965,773.13,0
Kepler-397 c,135.498527,0.5162929953799283,1153.82,0
Kepler-397 b,22.250949,0.15482421111643763,1153.82,0
Kepler-272 c,6.057342,0.06503212023025959,758.79,0
Kepler-272 d,10.937304,0.09643026772747453,758.79,0
Kepler-272 b,2.9713529999999997,0.04044914536044538,758.79,0
HD 170469 b,1145.0,2.24,64.97,0
HATS-11 b,3.6191612999999996,0.04614,906.0,0
HD 32963 b,2372.0,3.41,36.39,0
Kepler-61 b,59.877559999999995,0.2995361522445492,326.2,0
HD 159243 b,12.62,0.11,69.2,0
HD 159243 c,248.4,0.8,69.2,0
Kepler-116 b,5.9687339999999995,0.06439636205195953,1025.72,0
Kepler-116 c,13.07163,0.10859913044589793,1025.72,0
MOA-2011-BLG-322 b,2494.847337213241,3.6,7740.0,0
nu Oph b,530.32,1.9,46.21,0
nu Oph c,3186.0,6.1,46.21,0
HD 155358 b,194.3,0.64,43.0,0
HD 155358 c,391.9,1.02,43.0,0
HAT-P-35 b,3.6467,0.0498,535.0,0
Kepler-71 b,3.9050814125,0.048461800000000006,918.88,0
KOI-4427.01,147.6606,0.419,240.0,1
47 UMa b,1078.0,2.1,14.062999999999999,0
47 UMa c,2391.0,3.6,14.062999999999999,0
47 UMa d,14002.0,11.6,14.062999999999999,0
Kepler-192 b,9.926746000000001,0.09039500989151247,683.4,0
Kepler-192 c,21.2234,0.1500202286889469,683.4,0
Kepler-192 d,6.47027579,0.06795504617778383,683.4,0
HD 6434 b,22.017,0.14800000000000002,41.4,0
GJ 180 b,17.38,0.10300000000000001,12.1,1
GJ 180 c,24.329,0.129,12.1,1
Kepler-273 b,2.936532,0.04013251180653,858.23,0
Kepler-273 c,8.014927,0.07838017540327444,858.23,0
HD 103720 b,4.5557,0.0498,41.58,0
Kepler-123 b,17.232366,0.13056791137156837,1026.8,0
Kepler-123 c,26.695073999999998,0.1748077178249849,1026.8,0
HAT-P-5 b,2.788491,0.04079,340.0,0
WASP-42 b,4.9816872000000005,0.0548,160.0,0
HD 150706 b,5894.0,6.7,27.2,0
HD 220689 b,2209.0,3.36,44.6,0
7 CMa b,796.0,1.93,19.75,0
WASP-79 b,3.6623817,0.0362,240.0,0
Kepler-17 b,1.4857108,0.025910000000000002,800.0,0
EPIC 201465501 b,18.4498,0.091,110.0,0
KOI-2672.01,88.51658,0.369,263.4,0
KOI-2672.02,42.99066,0.228,263.4,0
HD 70642 b,2231.0,3.3,28.8,0
Kepler-178 b,9.576694,0.0882572228285693,963.58,0
Kepler-178 d,96.678988,0.4122505534986575,963.58,0
Kepler-178 c,20.552802,0.14684321210254953,963.58,0
HD 114386 b,937.0,1.65,28.04,0
HD 114386 c,1046.0,2.016636576788748,28.04,0
WASP-24 b,2.3412083,0.0359,330.0,0
Kepler-180 c,41.885775,0.23603924703951576,873.85,0
Kepler-180 b,13.817124,0.11268988966768168,873.85,0
HD 76700 b,3.971,0.049,59.7,0
Kepler-126 b,10.495711,0.09699999999999999,224.69,0
Kepler-126 d,100.28313399999999,0.43700000000000006,224.69,0
Kepler-126 c,21.869741,0.158,224.69,0
Kepler-367 b,37.815723999999996,0.22048961035509873,196.01,0
Kepler-367 c,53.578637,0.2781426733022589,196.01,0
Kepler-348 b,7.056769999999999,0.07200187821904225,568.09,0
Kepler-348 c,17.265427,0.13073485794165923,568.09,0
HD 114783 b,501.0,1.2,20.4,0
WASP-60 b,4.3050011,0.0531,400.0,0
Kepler-122 c,12.465988000000001,0.10521822875239098,1062.4,0
Kepler-122 b,5.766193,0.06293119325925739,1062.4,0
Kepler-122 d,21.587475,0.1517310332778597,1062.4,0
Kepler-122 e,37.993272999999995,0.2211792201370864,1062.4,0
Kepler-122 f,56.268,0.28737401969137133,1062.4,0
Kepler-283 b,11.008151,0.09684624109564205,534.37,0
Kepler-283 c,92.743711,0.400986264686333,534.37,0
Kepler-23 c,10.742371,0.09528106768119085,864.68,0
Kepler-23 d,15.274299,0.12047974569022109,864.68,0
Kepler-23 b,7.107163000000001,0.07234425259681192,864.68,0
HD 73256 b,2.54858,0.037000000000000005,36.5,0
kappa CrB b,1251.0,2.6,30.5,0
OGLE-TR-56 b,1.2119090000000001,0.0225,1500.0,0
WASP-17 b,3.735438,0.0515,400.0,0
Kepler-87 b,114.7309,0.47100000000000003,781.83,0
Kepler-87 c,192.363,0.664,781.83,0
HD 180902 b,479.0,1.39,110.0,0
Kepler-193 b,11.38848,0.09906426596288749,1301.67,0
Kepler-193 c,50.697494,0.268079854176397,1301.67,0
Kepler-55 d,2.2110990000000004,0.03321584529173729,610.01,0
Kepler-55 b,27.953314000000002,0.18025834757561404,610.01,0
Kepler-55 c,42.142596000000005,0.23700310737395505,610.01,0
Kepler-55 e,4.617534,0.05426834595105647,610.01,0
Kepler-55 f,10.198545,0.09203760902501716,610.01,0
EPIC 210363145 b,8.1998,0.07958087135659428,125.0,0
HATS-6 b,3.3252725,0.03623,172.6,0
HD 83443 b,2.985625,0.0406,43.54,0
HD 121504 b,63.33,0.33,44.37,0
WASP-106 b,9.289715,0.0917,283.0,0
1SWASP J1407 b,10044.0,9.110544203554596,133.0,1
K2-105 b,8.266902,0.08001444117906004,220.0,0
Kepler-151 b,15.228957999999999,0.12024120213706851,751.12,0
Kepler-151 c,24.674612,0.1658721237128853,751.12,0
HD 156411 b,842.2,1.88,55.1,0
PSR B1620-26 b,24837.0,20.0,1800.0,10
XO-1 b,3.9415127999999995,0.0488,200.0,0
WASP-74 b,2.13775,0.037000000000000005,120.0,0
HD 190647 b,1038.1,2.07,54.2,0
SWEEPS-11,1.796,0.03,8500.0,0
WASP-28 b,3.4088300000000005,0.04469,410.0,0
WASP-132 b,7.133521000000001,0.067,120.0,0
HIP 116454 b,9.1205,0.08543168038145192,55.2,0
Kepler-386 c,25.193458,0.16818930328820694,927.61,0
Kepler-386 b,12.31043,0.10434108110626972,927.61,0
HAT-P-28 b,3.257215,0.0434,395.0,0
Gliese 667 C b,7.2004,0.0505,6.97,2
Gliese 667 C h,16.945999999999998,0.0893,6.97,3
Gliese 667 C c,28.14,0.125,6.97,2
Gliese 667 C f,39.025999999999996,0.156,6.97,3
Gliese 667 C e,62.24,0.213,6.97,3
Gliese 667 C d,91.61,0.276,6.97,3
Gliese 667 C g,256.2,0.5489999999999999,6.97,3
Kepler-80 b,7.053458,0.07197934771492101,418.17,0
Kepler-80 c,9.521772,0.08791946478191995,418.17,0
Kepler-80 d,3.072186,0.041359142005892614,418.17,0
Kepler-80 e,4.645387,0.05448635852367054,418.17,0
Kepler-80 f,0.98678706,0.019397934155277158,418.17,0
HIP 79431 b,111.7,0.36,14.4,0
HD 50499 b,2482.7,3.86,47.26,0
HD 150433 b,1096.2,1.9303,29.6,0
Kepler-361 c,55.188023,0.28368502296888537,894.44,0
Kepler-361 b,8.486616,0.08142595948490455,894.44,0
HD 128356 b,298.2,0.87,26.03,0
YBP401 b,4.087,0.05002759308706179,843.0,0
WASP-131 b,5.322023000000001,0.0607,250.0,0
Gliese 832 b,3660.0,3.6,4.94,0
Gliese 832 c,35.67,0.162,4.94,0
Kepler-281 c,36.337373,0.2147050213738824,1419.23,0
Kepler-281 b,14.646007999999998,0.11715280595375295,1419.23,0
HD 20782 b,597.065,1.3969999999999998,35.49,2
HD 20781 b,29.15,0.16899999999999998,35.49,2
HD 20781 c,85.131,0.3456,35.49,2
Kepler-146 b,31.158799,0.1937880488405117,844.99,0
Kepler-146 c,76.732171,0.3533931883563435,844.99,0
WASP-55 b,4.465633,0.0533,330.0,0
HD 109749 A b,5.24,0.0635,59.0,2
Kepler-401 b,14.383035000000001,0.11574623551933852,774.02,0
Kepler-401 c,47.318218,0.2560307356738471,774.02,0
Kepler-401 d,184.256405,0.6337066227759842,774.02,0
EPIC 201565013 b,8.6381,0.0669,506.0,1
MOA-2008-BLG-310-L b,510.4523929886239,1.25,6000.0,0
HAT-P-50 b,3.1220109000000003,0.0453,497.0,0
Kepler-13 A b,1.76358799,0.034230000000000003,530.0,2
HD 103197 b,47.84,0.249,49.3,0
GJ 229 b,471.0,0.97,5.75,3
Proxima Centauri b,11.186,0.0485,1.295,2
Alpha Centauri B b,3.2357,0.04,1.295,3
WASP-15 b,3.7520656000000003,0.0499,308.0,0
HAT-P-8 b,3.0763402,0.0439,230.0,2
Lalande 21185 b,9.8693,0.09004592919289697,2.55,1
HAT-P-20 b,2.875317,0.0361,70.0,0
HATS-13 b,3.0440499,0.04057,476.0,0
HAT-P-46 b,5.062370705380984,0.0577,296.0,0
HAT-P-46 c,86.57417976117611,0.38299999999999995,296.0,1
16 Cygni B b,799.5,1.72,21.146,2
Kepler-239 b,11.763050999999999,0.10122470122220917,684.6,0
Kepler-239 c,56.228097999999996,0.2872381443113368,684.6,0
HD 82886 b,705.0,1.65,125.0,0
8 Ursae Minoris b,93.4,0.49,159.1,0
Kepler-165 b,8.180848,0.07945820183980112,644.43,0
Kepler-165 c,15.31299,0.1206831163356647,644.43,0
HD 141937 b,653.22,1.52,33.46,0
Kepler-95 b,11.5231,0.0998434097406904,456.3,0
Kepler-299 c,6.885875,0.07083468060916419,1107.98,0
Kepler-299 d,15.054785999999998,0.11932265495192484,1107.98,0
Kepler-299 b,2.9271279999999997,0.04004678531837446,1107.98,0
Kepler-299 e,38.285489,0.2223118686910877,1107.98,0
Kepler-10 b,0.8374906999999999,0.01685,173.0,0
Kepler-10 c,45.294301000000004,0.24100000000000002,173.0,0
Kepler-442 b,112.3053,0.409,342.0,0
HD 45350 b,890.76,1.92,49.0,0
HD 168746 b,6.403,0.065,43.12,0
Kepler-127 d,48.630408,0.282,338.98,0
Kepler-127 c,29.393195000000002,0.20199999999999999,338.98,0
Kepler-127 b,14.435889000000001,0.126,338.98,0
HATS-8 b,3.583893,0.046669999999999996,829.0,0
K2-99 b,18.249000000000002,0.159,604.0,0
Kepler-304 b,3.2957089999999996,0.0433416814222079,482.29,0
Kepler-304 d,9.653471000000001,0.08872830417111818,482.29,0
Kepler-304 c,5.315946,0.05961106634423494,482.29,0
Kepler-304 e,1.49914695,0.025635157336592204,482.29,0
HD 120084 b,2082.0,4.3,98.0,0
Kepler-270 b,11.476094,0.09957169836904159,1098.1,0
Kepler-270 c,25.262887,0.16849816278881338,1098.1,0
WASP-34 b,4.3176782,0.0524,120.0,0
CoRoT-29 b,2.8505700000000003,0.039,765.0,0
WASP-4 b,1.33823187,0.023119999999999998,300.0,0
Kepler-28 b,5.91,0.062,772.8,0
Kepler-28 c,8.98,0.081,772.8,0
HD 220074 b,672.1,1.6,290.2,0
11 UMi b,516.22,1.54,122.1,0
TrES-1 b,3.0300722,0.0393,157.0,0
70 Vir b,116.6926,0.48100000000000004,18.1,0
Kepler-35 (AB) b,131.458,0.60347,1645.0,4
Kepler-345 c,9.387427,0.08709052303781949,272.73,0
Kepler-345 b,7.415563000000001,0.07442221692280397,272.73,0
WASP-21 b,4.3225185999999995,0.0499,230.0,0
Kepler-233 b,8.472382000000001,0.0813348873513545,859.5,0
Kepler-233 c,60.418955000000004,0.30133898649366336,859.5,0
HD 31527 b,16.546,0.1253,38.6,0
HD 31527 c,51.284,0.2665,38.6,0
HD 31527 d,274.49,0.8181,38.6,0
XO-4 b,4.1250707,0.05485,293.0,0
Gliese 436 b,2.64385,0.02872,10.14,0
Gliese 436 c,1.3658,0.0185,10.14,1
HD 163296 b,392983.37056300807,105.0,122.0,0
HD 163296 c,739214.0258409603,160.0,122.0,0
Kepler-235 b,3.3402220000000002,0.04373106677868909,525.48,0
Kepler-235 d,20.060548,0.1444890864928589,525.48,0
Kepler-235 e,46.183669,0.25192163805667267,525.48,0
Kepler-235 c,7.824903999999999,0.07713636970488133,525.48,0
HD 23127 b,1214.0,2.4,89.1,0
HD 21693 b,22.656,0.1484,32.4,0
HD 21693 c,53.881,0.2644,32.4,0
Kepler-298 b,10.475464,0.09369621114505436,474.25,0
Kepler-298 c,22.928810000000002,0.15795287212734438,474.25,0
Kepler-298 d,77.47363299999999,0.355666093571626,474.25,0
OGLE-BLG-1195L b,1033.083007313546,2.0,7200.0,0
Kepler-443 b,177.6693,0.495,779.0,0
WASP-63 b,4.37809,0.0574,330.0,0
Kepler-357 d,49.499875,0.2638411826996435,926.37,0
Kepler-357 b,6.475434,0.06799115796573865,926.37,0
Kepler-357 c,16.85837,0.12867185770094855,926.37,0
Kepler-249 c,7.113702,0.07238861971930555,230.75,0
Kepler-249 b,3.306539,0.04343657930466318,230.75,0
Kepler-249 d,15.368459,0.12097437827882862,230.75,0
HD 99706 b,868.0,2.14,129.0,0
HD 86950,1270.0,2.72,169.0,0
Kepler-37 b,13.367308,0.1003,66.0,0
Kepler-37 c,21.301886,0.1368,66.0,0
Kepler-37 d,39.792187,0.2076,66.0,0
Kepler-37 e,51.196000000000005,0.2508,66.0,0
KOI-195 b,3.21751883,0.0414,880.0,0
Kepler-83 b,9.770469,0.08944377580294668,619.67,0
Kepler-83 d,5.169796,0.05851341620490977,619.67,0
Kepler-83 c,20.090227,0.1446315629892525,619.67,0
HD 48265 b,700.0,1.51,87.4,0
Kepler-441 b,207.2482,0.64,284.0,0
Kepler-97 b,2.58664,0.0368777013659547,414.4,0
BD+15 2940 b,137.48,0.539,508.0,0
Kepler-190 b,2.0199990000000003,0.031273317443514734,470.3,0
Kepler-190 c,3.7630239999999997,0.04734758609146019,470.3,0
TrES-3 b,1.30618608,0.0226,400.0,0
YBP1514 b,5.118,0.05812193145760044,750.0,7
BD+14 4559 b,268.94,0.777,48.36,0
Kepler-105 b,5.4122,0.0603284834718407,488.45,0
Kepler-105 c,7.125939,0.07247161127267765,488.45,0
KOI-115.03,3.43632,0.04456585573946993,488.45,1
Kepler-372 c,20.053763,0.14445650467359328,1539.69,0
Kepler-372 d,30.092568,0.18934158891761968,1539.69,0
Kepler-372 b,6.849692,0.07058632087406347,1539.69,0
KOI-423 b,21.087212,0.162,1200.0,0
Kepler-118 c,20.17202,0.14502385445219645,899.38,0
Kepler-118 b,7.518496000000001,0.07510932037047004,899.38,0
Kepler-382 b,5.262155,0.05920825675266761,841.11,0
Kepler-382 c,12.162701,0.10350465224790734,841.11,0
WASP-118 b,4.0460435,0.054529999999999995,250.0,0
HD 181433 b,9.3743,0.08,26.15,0
HD 181433 c,962.0,1.76,26.15,0
HD 181433 d,2172.0,3.0,26.15,0
HAT-P-51 b,4.2180278,0.05069,470.0,0
WASP-81 b,2.7164762000000002,0.039080000000000004,410.0,0
WASP-81 c,1297.0,2.426,410.0,0
HD 164922 b,1155.0,2.11,21.93,0
Kepler-12 b,4.4379637,0.0556,600.0,0
HD 171238 b,1523.0,2.54,50.28,0
Kepler-220 c,9.034199000000001,0.08489190617553038,208.38,0
Kepler-220 d,28.122396999999996,0.1809845102091021,208.38,0
Kepler-220 e,45.902733000000005,0.2508989705696834,208.38,0
Kepler-220 b,4.159807,0.05061998022894844,208.38,0
Kepler-359 c,57.688019999999995,0.29218882749358316,2152.57,0
Kepler-359 b,25.563222,0.16983097829951013,2152.57,0
Kepler-359 d,77.095691,0.3545084465204385,2152.57,0
Kepler-264 b,40.806231,0.23196591407617817,804.0,0
Kepler-264 c,140.10126100000002,0.5279197136020272,804.0,0
HAT-P-4 b,3.0565113999999998,0.0446,310.0,0
HD 215456 b,191.99,0.652,38.0,0
HD 215456 c,2277.0,3.3939999999999997,38.0,0
KELT-8 b,3.2440599999999997,0.04571,236.0,0
WASP-64 b,1.5732899999999999,0.02648,350.0,0
HD 13931 b,4218.0,5.15,44.2,0
HD 104985 b,199.505,0.95,97.1,0
HD 49674 b,4.9437,0.057999999999999996,40.7,0
MOA-2009-BLG-266L b,2780.0,3.2,3040.0,0
WASP-29 b,3.9227269999999996,0.0457,80.0,0
CoRoT-9 b,95.2738,0.40700000000000003,460.0,0
HD 86264 b,1475.0,2.86,72.6,0
Kepler-90 h,331.60059,1.01,834.52,0
Kepler-90 g,210.60697000000002,0.71,834.52,0
Kepler-90 f,124.9144,0.48,834.52,0
Kepler-90 e,91.93913,0.42,834.52,0
Kepler-90 d,59.73667,0.32,834.52,0
Kepler-90 c,8.719375,0.08900000000000001,834.52,0
Kepler-90 b,7.008151,0.07400000000000001,834.52,0
Kepler-325 b,4.544439,0.05369411670822547,1125.08,0
Kepler-325 c,12.762172,0.10687831031370436,1125.08,0
Kepler-325 d,38.715185,0.2239721794936897,1125.08,0
KELT-11 b,4.736529,0.06229,98.0,0
HD 206610 b,610.0,1.68,194.0,0
XO-6 b,3.7650007000000003,0.0815,86.0,0
HD 163607 b,75.229,0.36,69.0,0
HD 163607 c,1314.0,2.42,69.0,0
WASP-114 b,1.5487743,0.02851,460.0,0
EPIC 203771098 b,20.88508,0.1542,181.0,0
EPIC 203771098 c,42.36342,0.2471,181.0,0
Gliese 3470 b,3.3366487,0.031,30.7,0
HD 142 A b,349.7,1.02,20.6,2
HD 142 A c,6005.0,6.8,20.6,2
HD 75898 b,418.2,1.19,80.58,0
MOA-2007-BLG-192-L b,195.8421318013568,0.66,700.0,0
55 Cnc b,14.651520000000001,0.11522725,12.34,2
55 Cnc c,44.4175,0.24137600000000003,12.34,2
55 Cnc d,4825.0,5.502999999999999,12.34,2
55 Cnc e,0.7365515,0.015690907,12.34,2
55 Cnc f,262.0,0.7879999999999999,12.34,2
OGLE-2003-BLG-235L b,4206.738234450475,5.1,5200.0,0
Kepler-179 c,6.40013,0.06746300995476912,602.79,0
Kepler-179 b,2.7359259999999996,0.03828330423170217,602.79,0
omi UMa b,1630.0,3.9,54.91,0
Kepler-275 c,16.088134,0.12472216285838593,2055.57,0
Kepler-275 b,10.300682,0.09265108372604676,2055.57,0
Kepler-275 d,35.676062,0.21209208275904662,2055.57,0
Kepler-296 c,5.841636599999999,0.0521,558.5,2
Kepler-296 d,19.850291,0.11800000000000001,558.5,2
Kepler-296 b,10.864384,0.079,558.5,2
Kepler-296 f,63.33626999999999,0.255,558.5,2
Kepler-296 e,34.142109999999995,0.16899999999999998,558.5,11
Kepler-20 b,3.6961218999999996,0.04537,290.0,0
Kepler-20 c,10.854092,0.09300000000000001,290.0,0
Kepler-20 d,77.61185,0.3453,290.0,0
Kepler-20 e,6.098493,0.06335,290.0,0
Kepler-20 f,19.57706,0.1378,290.0,0
HAT-P-2 b,5.633472900000001,0.0674,118.0,0
HAT-P-38 b,4.640382,0.0523,249.0,0
Kepler-341 c,8.01041,0.07835072397965577,1039.88,0
Kepler-341 d,27.666313,0.17902239967087125,1039.88,0
Kepler-341 b,5.1955279999999995,0.058707417533197186,1039.88,0
Kepler-341 e,42.473269,0.23824125914652586,1039.88,0
Kepler-14 b,6.7901229999999995,0.07017648495388405,980.0,0
WASP-113 b,4.542168745380001,0.05885,360.0,0
Kepler-307 b,10.415999999999999,0.09334129696993518,705.48,0
Kepler-307 c,13.084000000000001,0.10866763296905807,705.48,0
KOI-1576.03,23.340320000000002,0.152,705.48,12
HATS-14 b,2.766764,0.03815,513.0,0
HATS-15 b,1.74748753,0.02712,689.0,0
NGC 2423 3 b,714.3,2.1,766.0,7
HAT-P-49 b,3.348122892617518,0.0438,322.0,0
Kepler-407 b,0.6693100000000001,0.014974697546351353,326.4,0
Kepler-407 c,3000.0,4.070871121611445,326.4,0
Kepler-93 b,4.72673978,0.053,96.7,0
Kepler-161 b,4.921355,0.05662344816513959,484.58,0
Kepler-161 c,7.06424,0.07205268136583626,484.58,0
WASP-38 b,6.87188,0.0758,110.0,0
KOI-370.02,22.95102,0.17800000000000002,589.92,0
KOI-370.01,42.882540000000006,0.26899999999999996,589.92,0
Kepler-269 b,5.326718,0.05969156800691619,1605.94,0
Kepler-269 c,8.127899000000001,0.07911497875307863,1605.94,0
OGLE-2015-BLG-0051L b,227.81090786233764,0.73,8200.0,0
Kepler-308 b,9.694927999999999,0.08898215286357351,1602.52,0
Kepler-308 c,15.38231,0.12104705372922557,1602.52,0
Kepler-335 b,6.5623309999999995,0.06859807652640547,1361.65,0
Kepler-335 c,67.84446899999999,0.32554883740261664,1361.65,0
WASP-112 b,3.0353992,0.0382,450.0,0
Kepler-354 b,5.47666,0.06080655096431418,633.05,0
Kepler-354 d,24.209842000000002,0.16378262233305535,633.05,0
Kepler-354 c,16.934402,0.12905844468511649,633.05,0
Kepler-53 b,18.649113,0.13762963895040187,1430.64,0
Kepler-53 d,9.751961999999999,0.0893307918726635,1430.64,0
Kepler-53 c,38.558585,0.22336780455696542,1430.64,0
Kepler-375 c,19.986326000000002,0.1441324696814486,1323.46,0
Kepler-375 b,12.125933999999999,0.10329595543232416,1323.46,0
HATS-27 b,4.6370379999999995,0.0611,840.0,0
HATS-1 b,3.4464589999999995,0.0444,303.0,0
WASP-142 b,2.052868,0.0347,840.0,0
HD 77338 b,5.7361,0.0611,40.75,0
HD 126614 A b,1244.0,2.35,72.6,2
Kepler-437 b,66.65061999999999,0.28800000000000003,417.0,0
Kepler-287 c,44.851896,0.2470550418088985,1058.96,0
Kepler-287 b,20.342199,0.14583836360250643,1058.96,0
14 Her b,1766.0,2.864,18.1,0
14 Her c,9886.0,9.037,18.1,1
WASP-78 b,2.17517656,0.0415,550.0,0
tau Gem b,305.5,1.17,98.4,2
CoRoT-25 b,4.86069,0.0578,1000.0,0
HATS-2 b,1.354133,0.023,360.0,0
Pr0201 b,4.4264,0.05276026340216085,177.0,7
24 Sex b,452.8,1.3330000000000002,74.8,0
24 Sex c,883.0,2.08,74.8,0
HD 5319 b,641.0,1.6697,114.0,0
HD 5319 c,886.0,2.0709999999999997,114.0,0
HD 93083 b,143.58,0.47700000000000004,28.9,0
HAT-P-30 b,2.810595,0.0419,193.0,2
Kepler-129 b,15.79186,0.13,402.81,0
Kepler-129 c,82.20017,0.392,402.81,0
Kepler-293 b,19.254196,0.14059075911415098,1289.47,0
Kepler-293 c,54.15574300000001,0.28013639099788445,1289.47,0
Kepler-82 b,26.443794,0.1737090161169602,1011.01,0
Kepler-82 c,51.531855,0.2710131522495125,1011.01,0
Kepler-82 e,5.902206,0.06391695726691175,1011.01,0
Kepler-82 d,2.382961,0.034915463102893673,1011.01,0
WASP-66 b,4.086052,0.0546,380.0,0
Kepler-191 c,17.738506,0.1331122046418995,680.33,0
Kepler-191 b,9.939632000000001,0.09047322137054606,680.33,0
Kepler-191 d,5.94504102,0.06422583421894662,680.33,0
HD 7924 b,5.39792,0.056639999999999996,16.82,0
HD 7924 c,15.299000000000001,0.1134,16.82,0
HD 7924 d,24.451,0.1551,16.82,0
Kepler-378 b,16.092361,0.12474400825487357,154.57,0
Kepler-378 c,28.906009,0.18433109627041078,154.57,0
91 Aquarii A b,181.4,0.7,45.93,2
HAT-P-54 b,3.0511357117904714,0.04117,135.8,0
HAT-P-57 b,2.4652950000000002,0.0406,303.0,2
Kepler-329 c,18.684737,0.1378048522392995,390.8,0
Kepler-329 b,7.416397,0.0744277968062234,390.8,0
HD 82943 b,442.4,1.1866,27.46,0
HD 82943 c,219.3,0.7423,27.46,0
HD 143361 b,1057.0,2.0,59.35,0
Kepler-290 c,36.770309999999995,0.21640703649709236,874.46,0
Kepler-290 b,14.589347,0.11685045814758725,874.46,0
KOI-12 b,17.8552332,0.151,426.0,0
Kepler-222 b,3.936981,0.048795757333312206,891.55,0
Kepler-222 d,28.081912,0.18081077165116227,891.55,0
Kepler-222 c,10.08881,0.09137621100666733,891.55,0
HIP 12961 b,57.435,0.13,23.0,0
HAT-P-25 b,3.652836,0.0466,297.0,0
HD 130322 b,10.72,0.08800000000000001,30.0,0
Kepler-106 c,13.5708,0.1113465632702121,453.9,0
Kepler-106 e,43.8445,0.24334173382977348,453.9,0
Kepler-106 b,6.16486,0.06579940946360517,453.9,0
Kepler-106 d,23.9802,0.1627452733808798,453.9,0
2M 2140+16 b,7340.0,3.53,25.0,0
HD 212771 b,373.3,1.22,131.0,0
TrES-5 b,1.4822446000000002,0.02446,360.0,0
WASP-39 b,4.0552589999999995,0.0486,230.0,0
HD 4208 b,829.0,1.7,33.9,0
Kepler-433 b,5.33408384,0.059000000000000004,1870.0,0
WASP-130 b,11.550980000000001,0.1012,180.0,0
HD 79498 b,1966.0,3.13,49.0,0
HD 90156 b,49.77,0.25,39.6,0
Kepler-157 c,13.5405,0.11118076328879349,742.16,0
Kepler-157 b,1.7323419999999998,0.02822900735045988,742.16,0
Kepler-157 d,7.02573474,0.07179061648895245,742.16,0
Kepler-57 b,5.729319599999999,0.06266262006892408,570.05,0
Kepler-57 c,11.6092567,0.10034046895841653,570.05,0
Kepler-115 c,8.990889,0.08462037408621106,706.14,0
Kepler-115 b,2.403679,0.03511754625120933,706.14,0
HD 20003 b,11.849,0.0974,43.8,0
HD 20003 c,33.823,0.1961,43.8,0
HD 131496 b,883.0,2.09,110.0,0
Kepler-41 b,1.8555582,0.031010000000000003,771.43,0
HD 100777 b,383.7,1.03,52.8,0
Kepler-69 b,13.722341,0.094,591.74,0
Kepler-69 c,242.4613,0.64,591.74,0
WASP-58 b,5.017180000000001,0.0561,300.0,0
HD 154345 b,3538.0,4.3,18.06,0
Kepler-280 b,2.1395419999999996,0.03249528830254775,771.8,0
Kepler-280 c,4.807091000000001,0.05574356577287761,771.8,0
HD 96127 b,647.3,1.4,483.0,0
HD 75784 b,341.7,1.073,68.7,0
WASP-20 b,4.8996285,0.06002999999999999,210.0,0
51 Peg b,4.231,0.052000000000000005,14.7,0
Upsilon Andromedae A b,4.61716,0.059408,13.47,2
Upsilon Andromedae A c,241.02,0.8315799999999999,13.47,2
Upsilon Andromedae A d,1282.57,2.5335389999999998,13.47,2
Upsilon Andromedae A e,3848.86,5.2456,13.47,3
OGLE-TR-113 b,1.43247506,0.02288,1500.0,0
HD 187085 b,986.0,2.05,44.98,0
Kepler-288 c,19.305772,0.14084171309135038,1382.99,0
Kepler-288 b,6.097326,0.06531798730862226,1382.99,0
Kepler-288 d,56.633742000000005,0.2886179619312386,1382.99,0
Kepler-289 b,34.545,0.21,700.0,0
PH3 c,66.0634,0.33,700.0,0
Kepler-289 c,125.8518,0.51,700.0,0
TRAPPIST-1 b,1.51087081,0.01111,12.1,0
TRAPPIST-1 c,2.4218233,0.01521,12.1,0
TRAPPIST-1 d,4.0496099999999995,0.02144,12.1,0
TRAPPIST-1 e,6.099615,0.02817,12.1,0
TRAPPIST-1 f,9.20669,0.0371,12.1,0
TRAPPIST-1 g,12.35294,0.0451,12.1,0
TRAPPIST-1 h,20.0,0.063,12.1,1
EPIC 220504338,5.817712,0.0575,553.4,0
HD 231701 b,141.6,0.53,108.4,0
Kepler-358 c,83.48836899999999,0.37384407462786917,1336.21,0
Kepler-358 b,34.060466999999996,0.20563967828333307,1336.21,0
HD 96063 b,361.1,0.99,158.0,0
Kepler-330 c,15.955387,0.12403514117128371,719.8,0
Kepler-330 b,8.259780000000001,0.07996847920483523,719.8,0
Kepler-255 c,9.946047,0.09051214456228397,1287.37,0
Kepler-255 b,5.714606,0.06255529053429583,1287.37,0
Kepler-255 d,1.04562266,0.020161515523112114,1287.37,0
HAT-P-32 b,2.150009,0.0344,283.0,2
Gliese 328 b,4100.0,4.5,19.8,0
YBP1194 b,6.957999999999999,0.07132845216231963,850.0,7
Kepler-384 b,22.597053,0.15642556047817371,482.52,0
Kepler-384 c,45.348269,0.2488744575041934,482.52,0
HD 147873 b,116.596,0.522,104.93,0
HD 147873 c,491.54,1.36,104.93,0
HAT-P-1 b,4.4652934,0.05535,139.0,0
HAT-P-12 b,3.2130598,0.0384,142.5,0
HD 60532 b,201.83,0.77,25.7,0
HD 60532 c,607.06,1.58,25.7,0
EPIC 201736247 b,11.8104,0.091,437.0,0
Kepler-353 c,8.410894,0.08094088651517432,370.06,0
Kepler-353 b,5.795278,0.06314263472631843,370.06,0
HD 89744 A b,256.0,0.88,40.0,2
Kepler-31 b,20.860674,0.148306006649272,1790.6,0
Kepler-31 c,42.632728,0.23883717876652386,1790.6,0
Kepler-31 d,87.648901,0.38616315457896283,1790.6,0
Kepler-99 b,4.60358,0.05415895965463306,221.3,0
MOA-2009-BLG-387L b,1972.3,1.8,5700.0,0
EPIC 201635569 b,8.36802,0.0627,219.0,0
OGLE-06-109L b,1790.0,2.3,1510.0,0
OGLE-06-109L c,4931.0,4.5,1510.0,0
Kepler-158 b,16.709184,0.12791162351277602,345.84,0
Kepler-158 c,28.551383,0.18282038401547845,345.84,0
PH-1 A(ab) b,138.506,0.634,1500.0,4
Kepler-209 b,16.087845,0.12472066921870584,604.83,0
Kepler-209 c,41.749882,0.23552843796559564,604.83,0
Kepler-163 c,21.347262,0.15060335165884087,788.98,0
Kepler-163 b,7.810936999999999,0.07704455307808088,788.98,0
HAT-P-40 b,4.457243,0.0608,501.0,0
Gliese 687 b,38.14,0.16353,4.5,0
Kepler-79 d,52.09059,0.27296860558736014,1100.38,0
Kepler-79 c,27.401994000000002,0.17788034435792016,1100.38,0
Kepler-79 b,13.484685999999998,0.11087502794691537,1100.38,0
Kepler-79 e,81.065298,0.36657527801189954,1100.38,0
HD 9578 b,494.0,1.222994440661944,57.24,0
Kepler-194 c,17.308032,0.1309498413435873,1233.85,0
Kepler-194 b,2.0922810000000003,0.03201497677402975,1233.85,0
Kepler-194 d,52.814972999999995,0.27549341654874593,1233.85,0
HD 44219 b,472.3,1.19,50.43,0
OGLE-2012-BLG-0406L b,2813.1127243566866,3.9,5100.0,0
CoRoT-18 b,1.9000693,0.0295,870.0,0
CoRoT-10 b,13.2406,0.1055,345.0,0
Kepler-284 b,12.699149,0.10652615772772024,1266.39,0
Kepler-284 c,37.514456,0.21931699446879707,1266.39,0
Kepler-248 c,16.239494,0.1255032133931119,851.1,0
Kepler-248 b,6.308205,0.06681547329598725,851.1,0
Kepler-351 c,57.248090000000005,0.29070144108633056,1448.51,0
Kepler-351 b,37.054919,0.21752228786088149,1448.51,0
Kepler-351 d,142.54424699999998,0.5340390069836759,1448.51,0
14 And b,185.84,0.83,79.2,0
Kepler-317 b,5.524242,0.06115824023490771,1142.05,0
Kepler-317 c,8.77501,0.08326035602854595,1142.05,0
MOA-2010-BLG-073L b,486.14775,1.21,2800.0,0
HD 216437 b,1256.0,2.32,26.5,0
HD 192699 b,345.53,1.32,65.6,0
HD 222155 b,3999.0,5.1,49.1,0
EPIC 201546283 b,6.77145,0.07004776790938366,251.0,0
Kepler-274 b,11.634788,0.10048752887771809,1253.43,0
Kepler-274 c,33.197860999999996,0.20215287322530437,1253.43,0
EPIC 201505350 c,11.90715,0.0971,291.0,0
EPIC 201505350 b,7.9194,0.07400000000000001,291.0,0
EPIC 201505350 d,2.5085599999999997,0.0344,291.0,0
WASP-139 b,5.924262000000001,0.062,230.0,0
Kepler-221 c,5.690586,0.06237987655451021,428.3,0
Kepler-221 d,10.04156,0.09109068654105335,428.3,0
Kepler-221 e,18.369917,0.13625255230504305,428.3,0
Kepler-221 b,2.795906,0.03884080547376759,428.3,0
HD 190984 b,4885.0,5.5,103.0,0
WASP-26 b,2.7566004,0.03985,250.0,0
WASP-110 b,3.7783976999999997,0.0457,320.0,0
HD 212301 b,2.245715,0.036000000000000004,52.7,0
GJ 273 b,18.6498,0.091101,3.8,0
GJ 273 c,4.7234,0.036467,3.8,0
Kepler-309 b,5.923653,0.06407170145564434,581.27,0
Kepler-309 c,105.35638300000001,0.43656316083817737,581.27,0
HD 177830 A b,406.6,1.2218,59.0,2
HD 177830 A c,110.9,0.5137,59.0,2
Kepler-109 b,6.48163,0.069,468.1,0
Kepler-109 c,21.2227,0.152,468.1,0
Kepler-392 b,5.3418529999999995,0.05980458376326548,659.81,0
Kepler-392 c,10.423117999999999,0.09338381666414883,659.81,0
WASP-43 b,0.81347753,0.01526,80.0,0
HAT-47 b,4.732182,0.0615,268.0,0
Gliese 581 b,5.3686,0.04061,6.21,0
Gliese 581 c,12.914000000000001,0.0721,6.21,0
Gliese 581 d,66.64,0.22,6.21,9
Gliese 581 e,3.1489999999999996,0.02815,6.21,0
Gliese 581 f,433.0,0.758,6.21,9
Gliese 581 g,36.5,0.146,6.21,9
WASP-93 b,2.7325321,0.04211,250.0,0
KOI-368.01,110.321611,0.6,1200.0,1
MOA-2010-BLG-328L b,322.30865335575464,0.92,810.0,0
HD 16141 A b,75.82,0.35,35.9,2
Kepler-314 c,5.960392,0.064336347129534,301.17,0
Kepler-314 b,2.4610689999999997,0.03567432054510819,301.17,0
HD 8574 b,227.55,0.77,44.2,0
CoRoT-11 b,2.994325,0.04351,560.0,0
KOI-55 b,0.2401,0.006,1180.0,1
KOI-55 c,0.34289000000000003,0.0076,1180.0,1
HATS-7 b,3.185315,0.040119999999999996,257.0,0
Gliese 317 b,691.78,1.15,15.1,0
Gliese 317 c,10000.0,30.0,15.1,0
HD 189733 A b,2.21857312,0.03142,19.3,2
WASP-80 b,3.0678504,0.0346,60.0,0
Kepler-376 c,14.172327,0.11461302096709058,785.94,0
Kepler-376 b,4.920199,0.05661458078763641,785.94,0
Kepler-33 b,5.66793,0.0677,917.8,0
Kepler-33 c,13.17562,0.1189,917.8,0
Kepler-33 d,21.77596,0.166,917.8,0
Kepler-33 e,31.7844,0.2138,917.8,0
Kepler-33 f,41.02902,0.2535,917.8,0
Kepler-49 b,7.203871,0.07299903769867157,385.34,0
Kepler-49 c,10.912732,0.09628578528166175,385.34,0
Kepler-49 d,2.576549,0.036781727369890035,385.34,0
Kepler-49 e,18.596107999999997,0.13736873220427165,385.34,0
HAT-P-31 b,5.005425,0.055,354.0,0
HD 222582 A b,572.38,1.35,42.0,2
HD 30177 b,1620.0,2.6,55.0,0
HD 63765 b,358.0,0.9490000000000001,32.6,0
HD 73526 b,189.65,0.65,99.0,0
HD 73526 c,376.93,1.03,99.0,0
Kepler-228 d,11.094286,0.09735077692856595,1736.95,0
Kepler-228 c,4.134444,0.05041401189581399,1736.95,0
Kepler-228 b,2.5665459999999998,0.03668646659027584,1736.95,0
HD 2638 b,3.4442,0.044000000000000004,53.71,2
HATS-9 b,1.9153073,0.03048,622.0,0
EPIC 201596316 b,39.937670000000004,0.2257,2019.0,0
HD 134606 b,12.083,0.1023,26.5,0
HD 134606 c,59.519,0.2962,26.5,0
HD 134606 d,459.26,1.1567,26.5,0
Kepler-141 c,7.010606,0.07168752010832893,313.46,0
Kepler-141 b,3.107675,0.041677044433112945,313.46,0
Kepler-383 b,12.904532000000001,0.10767164697601192,519.82,0
Kepler-383 c,31.200751,0.1939619531256436,519.82,0
Gliese 176 b,8.7836,0.066,9.42,0
Kepler-133 c,31.517585999999998,0.1952728274293327,587.59,0
Kepler-133 b,8.129976,0.07912845618541467,587.59,0
Kepler-65 b,2.1549156000000003,0.035,246.65,0
Kepler-65 c,5.8599407999999995,0.068,246.65,0
Kepler-65 d,8.131231,0.084,246.65,0
Kepler-42 b,1.21376,0.0116,38.7,0
Kepler-42 c,0.4532,0.006,38.7,0
Kepler-42 d,1.865,0.0154,38.7,0
WASP-129 b,5.748145,0.0628,246.0,0
K2-30 b,4.098507,0.04986,323.0,0
V391 Peg b,1170.0,1.7,1400.0,0
KOI-806.03,29.334,0.18,924.9,0
KOI-806.02,60.3251,0.3,924.9,0
KOI-806.01,143.213,0.5,924.9,0
HD 7199 b,615.0,1.36,36.0,0
mu Arae b,643.25,1.5,15.3,0
mu Arae c,9.6386,0.09094,15.3,0
mu Arae d,310.55,0.9209999999999999,15.3,0
mu Arae e,4205.8,5.235,15.3,0
eps Tau b,594.9,1.93,44.96,7
K2-108 b,4.73401,0.0573,262.4,0
HAT-P-11 b,4.887804,0.053,38.0,0
Kepler-360 b,3.289672,0.04328873708808985,1230.47,0
Kepler-360 c,7.186433999999999,0.07288119380824565,1230.47,0
WASP-47 b,4.1591287,0.051,200.0,0
WASP-47 e,0.789597,0.017,200.0,0
WASP-47 d,9.03081,0.08800000000000001,200.0,0
WASP-47 c,572.0,1.36,200.0,0
HD 224693 b,26.73,0.233,94.0,0
HD 117207 b,2627.08,3.78,33.0,0
HD 109246 b,68.27,0.33,65.6,0
Kepler-207 d,5.868075,0.06367030851093719,813.46,0
Kepler-207 b,1.6118649999999999,0.026904543463861313,813.46,0
Kepler-207 c,3.071571,0.04135362221834326,813.46,0
HD 156846 b,359.5546,1.0959999999999999,49.0,3
CoRoT-22 b,9.755980000000001,0.092,592.0,0
KOI-1257 b,86.647661,0.382,900.0,2
Kepler-155 b,5.9311940000000005,0.06412606681033482,302.28,0
Kepler-155 c,52.661793,0.27496048047144467,302.28,0
HD 28254 b,1116.0,2.15,56.2,0
Kepler-237 c,8.103636,0.07895745358113296,660.75,0
Kepler-237 b,4.715106,0.05503016613618099,660.75,0
Kepler-89 b,3.743208,0.05119,426.2,0
Kepler-89 c,10.423648,0.1013,426.2,0
Kepler-89 d,22.342989000000003,0.1684,426.2,0
Kepler-89 e,54.32031,0.3046,426.2,0
HAT-P-43 b,3.3326879999999997,0.0443,543.0,0
Kepler-139 b,15.771044,0.12307791935790371,476.47,0
Kepler-139 c,157.072878,0.5697364227843357,476.47,0
Kepler-254 b,5.826662000000001,0.0633703930423592,1607.46,0
Kepler-254 c,12.412183,0.1049152525206497,1607.46,0
Kepler-254 d,18.746477,0.13810825113671674,1607.46,0
HD 157172 b,104.84,0.41600000000000004,31.9,0
HD 181342 b,663.0,1.78,110.6,0
HD 47186 b,4.0845,0.05,37.84,0
HD 47186 c,1353.6,2.395,37.84,0
HD 164509 b,282.4,0.875,52.0,0
HD 27442 A b,415.2,1.16,18.1,2
Kepler-363 d,11.932125,0.10219234849180235,734.62,0
Kepler-363 c,7.542427,0.07526861543555703,734.62,0
Kepler-363 b,3.6145680000000002,0.04609397018349257,734.62,0
EPIC 201912552 b,32.94488,0.1491,34.0,0
HD 38801 b,696.3,1.7,99.4,0
HD 114613 b,3827.0,5.16,20.67,0
HD 185269 b,6.837999999999999,0.077,50.28,2
HD 80606 b,111.4273,0.46299999999999997,58.4,2
HIP 14810 b,6.6738550000000005,0.0692,52.9,0
HIP 14810 c,147.73,0.545,52.9,0
HIP 14810 d,962.0,1.89,52.9,0
Gliese 649 b,598.3,1.135,10.34,0
GJ 649.02,4.4762,0.043,10.34,1
Kepler-117 c,50.790391,0.2804,1430.0,0
Kepler-117 b,18.7959228,0.1445,1430.0,0
KOI-142 b,10.9542,0.098,385.0,0
KOI-142 c,22.1,0.1529,385.0,0
HD 8535 b,1313.0,2.45,52.5,0
HD 17092 b,359.9,1.29,109.0,0
HD 154088 b,18.596,0.1316,17.8,0
HD 86081 b,2.1375,0.039,91.0,0
Kepler-364 c,59.980627,0.29987978061603404,872.59,0
Kepler-364 b,25.745718,0.17063830255196258,872.59,0
HATS-20 b,3.7992969,0.046189999999999995,454.0,0
Kepler-438 b,35.23319,0.166,145.0,0
Gliese 3021 A b,133.71,0.49,17.62,2
Gliese 676 A d,3.6,0.0413,16.5,2
Gliese 676 A e,35.37,0.187,16.5,2
Gliese 676 A b,1050.3,1.8,16.5,2
Gliese 676 A c,4400.0,5.2,16.5,3
Kepler-26 b,12.282972000000001,0.1041858705241907,482.39,0
Kepler-26 c,17.251204,0.1306630498025866,482.39,0
Kepler-26 d,3.5439190000000003,0.045491372679055155,482.39,0
Kepler-26 e,46.827915000000004,0.25425903703815966,482.39,0
HD 2039 b,1183.0,2.2,89.8,0
HD 59686 b,303.0,0.9109999999999999,92.0,0
HIP 57050 b,41.397,0.16350599999999998,11.0,0
Fomalhaut b,320000.0,177.0,7.704,3
KOI-830 b,3.52563254,0.0433,720.0,0
CoRoT-3 b,4.2568,0.057,680.0,0
HD 30562 b,1159.0,2.315,26.5,0
HD 132563 B b,1544.0,2.62,96.0,2
Kepler-230 b,32.625555,0.19982283784747337,894.5,0
Kepler-230 c,91.77324200000001,0.39818408666731353,894.5,0
WASP-71 b,2.9036747000000003,0.046310000000000004,200.0,0
HD 34445 b,1049.0,2.07,46.5,0
Omega Serpentis b,277.02,1.1,83.8,0
Kepler-96 b,16.2385,0.12549809207316673,128.0,0
HIP 57274 b,8.1352,0.07,25.92,0
HIP 57274 c,32.03,0.17800000000000002,25.92,0
HIP 57274 d,431.7,1.01,25.92,0
Kepler-334 c,12.758005,0.10685504435978037,439.8,0
Kepler-334 b,5.470319,0.06075960644187201,439.8,0
Kepler-334 d,25.098489999999998,0.16776637197209585,439.8,0
Kepler-297 b,38.871826,0.22457589800736233,684.83,0
Kepler-297 c,74.920137,0.3478074594981252,684.83,0
Kepler-36 b,13.839879999999999,0.1151,436.93699999999995,0
Kepler-36 c,16.23855,0.1283,436.93699999999995,0
HATS-29 b,4.605874900000001,0.05475,351.0,0
HD 142415 b,386.3,1.05,34.2,0
Kepler-110 b,12.691112,0.10648120767836776,532.42,0
Kepler-110 c,31.719775,0.19610706907012684,532.42,0
Kepler-152 b,18.207973000000003,0.13545059508949422,456.33,0
Kepler-152 c,88.255055,0.387941502554888,456.33,0
Kepler-276 c,31.884362,0.19678485499561169,1559.37,0
Kepler-276 b,14.12841,0.11437612440895305,1559.37,0
Kepler-276 d,48.648869,0.26080846456442464,1559.37,0
WASP-25 b,3.7648300000000003,0.0474,169.0,0
Kepler-338 b,13.726976,0.11599999999999999,545.29,0
Kepler-338 c,24.310856,0.17,545.29,0
Kepler-338 d,44.431014000000005,0.24550706822599846,545.29,0
Kepler-338 e,9.34149,0.09,545.29,0
Kepler-318 b,4.662715,0.05462176936277027,605.0,0
Kepler-318 c,11.815007000000001,0.1015225472255456,605.0,0
HD 564 b,492.3,1.2,53.6,0
Kepler-445 b,2.9841509999999998,0.102,90.0,0
Kepler-445 c,4.8712290000000005,0.141,90.0,0
Kepler-445 d,8.15275,0.2,90.0,0
Kepler-66 b,17.815815,0.1352,1107.0,7
Kepler-112 b,8.408878,0.08092795223046148,495.55,0
Kepler-112 c,28.574263000000002,0.18291804120921043,495.55,0
Kepler-421 b,704.1984,1.219,320.0,0
Kepler-388 b,3.173315,0.04226186321032264,399.01,0
Kepler-388 c,13.297004000000001,0.10984384244227584,399.01,0
KOI-183 b,2.6843285,0.03585,725.0,0
CoRoT-5 b,4.0378962,0.04947,400.0,0
Kepler-399 d,58.034616,0.2933579938742127,543.74,0
Kepler-399 b,14.425281,0.11597277207666053,543.74,0
Kepler-399 c,26.675690000000003,0.1747230859059686,543.74,0
Gliese 777 A b,2867.9,3.92,15.89,2
Gliese 777 A c,17.1186,0.128,15.89,2
Kepler-268 b,25.934138,0.1714698344593709,875.31,0
Kepler-268 c,83.446393,0.3737187574184019,875.31,0
HD 95089 b,507.0,1.51,139.0,0
HD 148156 b,1010.0,2.45,53.05,0
Kepler-175 b,11.903514999999999,0.10202893011663394,1219.23,0
Kepler-175 c,34.035257,0.205538195705011,1219.23,0
HD 219828 b,3.8335,0.052000000000000005,81.1,0
HD 7449 b,1270.5,2.33,38.9,2
HD 7449 c,4046.0,4.96,38.9,3
HD 175370 b,349.5,0.98,272.0,0
Kepler-302 c,127.28218400000002,0.4952048954686005,1712.49,0
Kepler-302 b,30.184103999999998,0.18972535581029046,1712.49,0
Kepler-27 b,15.33,0.11800000000000001,991.22,0
Kepler-27 c,31.33,0.191,991.22,0
HD 39194 b,5.6363,0.0519,25.9,0
HD 39194 c,14.025,0.0954,25.9,0
HD 39194 d,33.941,0.172,25.9,0
WASP-69 b,3.8681382000000006,0.04525,50.0,0
HD 196885 A b,1326.0,2.6,33.0,2
Kepler-402 c,6.124821,0.06551420130152451,712.9,0
Kepler-402 e,11.242861,0.09821799805902492,712.9,0
Kepler-402 b,4.028751000000001,0.04955111915032029,712.9,0
Kepler-402 d,8.921099,0.084181906311886,712.9,0
HATS-26 b,3.3023881,0.04735,907.0,0
Kepler-206 c,13.137471,0.10896349643865046,661.32,0
Kepler-206 b,7.781986999999999,0.07685406633866276,661.32,0
Kepler-206 d,23.44281,0.16030471465144736,661.32,0
HD 204313 b,1920.1,3.04,47.37,0
HD 204313 c,34.873000000000005,0.2103,47.37,0
HD 204313 d,2831.6,3.93,47.37,0
HD 159868 b,1178.4,2.25,52.7,0
HD 159868 c,352.3,1.0,52.7,0
HD 1690 b,533.0,1.3,319.0,0
Kepler-184 b,10.687576,0.09495678329961219,727.97,0
Kepler-184 c,20.303005,0.14565097560418874,727.97,0
Kepler-184 d,29.022358,0.18482539665214012,727.97,0
HD 32518 b,157.54,0.59,120.6,0
HAT-P-44 b,4.1696745952487335,0.0507,374.0,0
HAT-P-44 c,219.9,0.6990000000000001,374.0,0
HD 200964 b,613.8,1.601,68.4,0
HD 200964 c,825.0,1.95,68.4,0
HAT-P-19 b,4.0087844,0.0466,215.0,0
Kepler-278 b,30.160546000000004,0.195,511.95,0
Kepler-278 c,51.078775,0.276,511.95,0
Kepler-305 b,5.487108,0.06088386146820372,1013.46,0
Kepler-305 c,8.290858,0.08016894495597085,1013.46,0
Kepler-305 d,16.738660999999997,0.1280620135899462,1013.46,0
Kepler-182 c,20.684342,0.14746908656036087,1440.75,0
Kepler-182 b,9.825792,0.08978109430547355,1440.75,0
Kepler-4 b,3.21346,0.0456,550.0,0
HD 197037 b,1035.7,2.07,32.3,2
KELT-7 b,2.7347749,0.04415,129.0,0
TYC 1422-614-1 b,198.4,0.69,759.0,0
TYC 1422-614-1 c,559.3,1.37,759.0,0
HD 24040 b,3490.0,4.637,46.6,0
HATS-32 b,2.8126548,0.04024,839.0,0
WASP-133 b,2.1764229999999998,0.0345,547.0,0
HAT-P-7 b,2.2047369999999997,0.0379,320.0,2
OGLE-2007-BLG-368L b,2189.5815978315354,3.3,5900.0,0
Kepler-202 b,4.069426999999999,0.049884086667108536,291.9,0
Kepler-202 c,16.282493,0.12572465436436828,291.9,0
HAT-P-3 b,2.8997029999999997,0.03866,130.0,0
Gliese 3341 b,14.207,0.08900000000000001,23.2,0
CoRoT-12 b,2.828042,0.04016,1150.0,0
Kepler-436 b,64.00205,0.33899999999999997,618.0,0
Kepler-436 c,16.79713874,0.12836010288391567,618.0,0
HD 10697 b,1076.4,2.16,32.56,0
Kepler-259 b,8.115317,0.07903331093549229,1182.5,0
Kepler-259 c,36.924931,0.21701328041500229,1182.5,0
HAT-P-18 b,5.507978,0.0559,166.0,0
HD 10647 b,989.2,2.015,17.3,0
Kepler-169 e,13.767102,0.11241774521890181,443.8,0
Kepler-169 c,6.195469,0.06601702901874829,443.8,0
Kepler-169 b,3.250619,0.04294545713076393,443.8,0
Kepler-169 d,8.348125,0.08053768571402403,443.8,0
Kepler-169 f,87.090195,0.38452037652502746,443.8,0
MOA-bin-1 b,8733.882867269718,8.3,5100.0,0
HD 213240 A b,951.0,2.03,40.75,2
Kepler-333 b,12.551158000000001,0.10569693197980484,288.94,0
Kepler-333 c,24.08821,0.1632335914552193,288.94,0
Kepler-22 b,290.0,0.8490000000000001,180.0,0
Kepler-373 b,5.535309,0.06123989396584042,763.85,0
Kepler-373 c,16.725948000000002,0.12799716337950826,763.85,0
CoRoT-19 b,3.89713,0.0518,800.0,0
HD 106252 b,1600.0,2.7,37.44,0
Kepler-47 (AB) b,49.513999999999996,0.2956,1189.0,4
Kepler-47 (AB) c,303.158,0.9890000000000001,1189.0,4
HD 106270 b,2890.0,4.3,84.9,0
Kepler-103 b,15.9654,0.128,476.8,0
Kepler-103 c,179.612,0.6409999999999999,476.8,0
WASP-111 b,2.310965,0.03914,210.0,0
Kepler-74 b,7.340711,0.0781,1330.0,0
Kepler-148 c,4.180043,0.05078401303088803,934.81,0
Kepler-148 b,1.729366,0.028196668240490396,934.81,0
Kepler-148 d,51.84688575,0.2721165567637002,934.81,0
WASP-59 b,7.9195850000000005,0.0697,125.0,0
HD 37605 b,55.01306999999999,0.2837,42.9,0
HD 37605 c,2720.0,3.821,42.9,0
Kepler-322 c,4.337234,0.0520493231113278,443.29,0
Kepler-322 b,1.653888,0.027370154420900503,443.29,0
HD 196050 A b,1316.24,2.47,46.93,2
SWEEPS-4,4.2,0.055,6600.0,0
HD 40979 A b,263.1,0.83,33.3,2
HD 134987 b,258.19,0.81,22.2,0
HD 134987 c,5000.0,5.8,22.2,0
WASP-126 b,3.2888,0.0449,234.0,0
Kepler-195 b,8.307872,0.08027858606803114,681.77,0
Kepler-195 c,34.096863,0.20578614582722568,681.77,0
HD 220773 b,3724.7,4.94,49.0,0
Kepler-81 b,5.95488,0.06429667673814292,410.38,0
Kepler-81 c,12.039956,0.10280710192286237,410.38,0
Kepler-81 d,20.837846,0.14819779195180185,410.38,0
HD 145457 b,176.3,0.76,126.0,0
EPIC 201702477 b,40.7362,0.2205,673.0,3
BD-11 4672 b,1667.0,2.28,27.3,0
WASP-77 A b,1.3600309,0.024,93.0,2
HATS-33 b,2.5495551,0.03727,355.0,0
HD 126525 b,948.12,1.8105,38.1,0
HD 158038 b,521.0,1.48,103.0,0
HAT-48 b,4.40865,0.0543,305.0,0
WASP-56 b,4.617101,0.05458,255.0,0
CoRoT-1 b,1.5089556999999998,0.0254,460.0,0
PSR 1257+12 A,25.261999999999997,0.19,710.0,0
PSR 1257+12 B,66.5419,0.36,710.0,0
PSR 1257+12 C,98.2114,0.46,710.0,0
75 Cet b,691.9,2.1,81.4,0
HD 189567 b,14.275,0.1099,17.7,0
Kepler-365 b,10.664903,0.09482243932911916,1089.04,0
Kepler-365 c,17.784129,0.13334034778711443,1089.04,0
Kepler-68 b,5.398763,0.0617,135.0,2
Kepler-68 c,9.605085,0.09059,135.0,2
Kepler-68 d,580.0,1.4,135.0,2
Kepler-164 c,10.945723,0.09647974624042166,965.43,0
Kepler-164 d,28.986769,0.18467426957705046,965.43,0
Kepler-164 b,5.03503,0.0574920628868403,965.43,0
CoRoT-17 b,3.768125,0.0461,920.0,0
WASP-136 b,5.215357,0.0661,164.0,0
Kepler-234 b,2.711506,0.03805516098205366,1867.58,0
Kepler-234 c,7.21205,0.07305428079474413,1867.58,0
HD 4313 b,356.0,1.19,137.0,0
HD 18742 b,772.0,1.92,135.0,0
Lupus-TR 3b,3.91405,0.0464,2000.0,0
Kepler-167 b,4.393147,0.05249569308389055,344.68,0
Kepler-167 c,7.406097,0.07435886990794778,344.68,0
HD 8673 b,1634.0,3.02,36.1,2
Kepler-132 d,18.010199,0.13446797289191104,331.08,0
Kepler-132 c,6.414914,0.06756686092362904,331.08,0
Kepler-132 b,6.178196,0.0658942680498411,331.08,0
Kepler-132 e,110.28693740000001,0.45007950252761586,331.08,0
Kepler-435 b,8.600153599999999,0.0948,2070.0,0
Gliese 849 b,1924.0,2.39,9.1,0
Gliese 849 c,5520.0,4.82,9.1,0
tau Ceti b,13.965,0.105,3.65,1
tau Ceti c,35.361999999999995,0.195,3.65,1
tau Ceti d,94.11,0.374,3.65,1
tau Ceti e,168.12,0.552,3.65,1
tau Ceti f,642.0,1.35,3.65,1
EPIC 201445392 b,10.35239,0.0856,405.0,0
EPIC 201445392 c,5.06416,0.0532,405.0,0
HD 96700 b,8.1256,0.0774,25.6,0
HD 96700 c,103.49,0.42200000000000004,25.6,0
Gamma Cephei b,903.3,2.05,14.102,2
HD 152079 b,2097.0,3.2,85.17,0
HD 47536 b,434.9,1.12,121.36,0
HD 47536 c,2500.0,3.604955067848691,121.36,1
2M 0746+20 b,4640.0,2.897,12.21,0
Kepler-369 c,14.871572,0.11835259070938459,279.57,0
Kepler-369 b,2.732756,0.03825372703751164,279.57,0
Kepler-125 b,4.164389,0.05065714512466591,223.85,0
Kepler-125 c,5.774464,0.06299135768594087,223.85,0
HD 20367 b,500.0,1.25,27.0,0
HAT-P-15 b,10.863502,0.0964,190.0,0
HD 52265 b,119.6,0.5,28.1,0
HD 167042 b,420.77,1.32,50.23,0
HD 116029 b,670.2,1.73,123.0,0
eps Coronae Borealis b,417.9,1.3,67.9,2
HD 108863 b,443.4,1.4,139.0,0
Kepler-250 c,7.156803999999999,0.07268072753798754,894.42,0
Kepler-250 d,17.648312,0.13266060255266407,894.42,0
Kepler-250 b,4.148141000000001,0.05052529489786678,894.42,0
KOI-428 b,6.873489999999999,0.08,2700.0,0
HATS-21 b,3.5543972999999998,0.04676,286.0,0
Kepler-244 b,4.311792,0.05184557775676041,1104.52,0
Kepler-244 d,20.050401,0.14444035886461978,1104.52,0
Kepler-244 c,9.767292,0.08942438551725676,1104.52,0
WASP-61 b,3.8559,0.0514,480.0,0
Kepler-324 c,51.805611999999996,0.2719721217123501,510.66,0
Kepler-324 b,4.385315,0.05243328246589964,510.66,0
Kepler-199 b,23.637604,0.16119150568201693,544.56,0
Kepler-199 c,67.093408,0.32314175934920114,544.56,0
WASP-36 b,1.5373653,0.02624,450.0,0
WASP-67 b,4.61442,0.0517,225.0,0
HD 224538 b,1189.1,2.28,77.76,0
HAT-P-66 b,2.972086,0.04363,927.0,0
Kepler-111 c,224.78460800000002,0.7235205933505423,691.04,0
Kepler-111 b,3.341815,0.04374496965765746,691.04,0
KOI-680 b,8.600153599999999,0.0948,2070.0,0
MOA-2013-BLG-220L b,213.91305228409973,0.7,2000.0,0
V830 Tau b,6.0,0.065,131.0,1
HD 156668 b,4.646,0.05,24.5,0
OGLE-2012-BLG-0724L b,739.2140258409605,1.6,6700.0,0
Kepler-142 c,4.761702,0.05539212063319134,627.86,0
Kepler-142 b,2.024152,0.03131616684569499,627.86,0
Kepler-142 d,41.809118,0.2357511685820587,627.86,0
51 Eri b,15000.0,14.0,29.4,2
Kepler-215 d,30.864423,0.1925655636506424,593.87,0
Kepler-215 b,9.360672000000001,0.08692496718788614,593.87,0
Kepler-215 c,14.667107999999999,0.11726529763291053,593.87,0
Kepler-215 e,68.16101,0.3265606574174263,593.87,0
KELT-2A b,4.1137913,0.05504,128.6,2
Kepler-84 b,8.725817999999999,0.08294889733435822,1287.77,0
Kepler-84 c,12.882779,0.10755061250218707,1287.77,0
Kepler-84 e,27.434389000000003,0.17802051174737837,1287.77,0
Kepler-84 d,4.224537000000001,0.05114375320185195,1287.77,0
Kepler-84 f,44.552169,0.2459531666398693,1287.77,0
HD 207832 b,161.97,0.57,54.4,0
HD 207832 c,1155.7,2.112,54.4,0
KELT-4A b,2.9895936,0.04061451645477513,210.0,2
OGLE2-TR-L9 b,2.4855335,0.0308,900.0,0
Gliese 674 b,4.6938,0.039,4.54,0
HD 51608 b,14.07,0.1059,34.8,0
HD 51608 c,95.415,0.3791,34.8,0
Kepler-176 c,12.759712,0.10686457549956067,669.36,0
Kepler-176 b,5.4330739999999995,0.06048350221513583,669.36,0
Kepler-176 d,25.751974,0.17066594391204157,669.36,0
Kepler-176 e,51.16579,0.2697281702490698,669.36,0
K2-77 b,8.199796000000001,0.07958084547600278,125.0,0
81 Cet b,952.7,2.5,92.5,0
4 UMa b,269.3,0.87,78.5,0
HD 30856 b,912.0,2.0,118.0,0
HD 195019 A b,18.201629999999998,0.1388,37.36,2
xi Aql b,136.75,0.68,62.7,0
Kepler-223 d,14.788758999999999,0.11791281420065419,1366.95,0
Kepler-223 c,9.848183,0.08991743790320669,1366.95,0
Kepler-223 e,19.721733999999998,0.1428575666001929,1366.95,0
Kepler-223 b,7.384108,0.07421161399509746,1366.95,0
HAT-P-41 b,2.69404,0.0426,344.0,0
HD 208487 b,129.8,0.51,45.0,0
HD 28678 b,387.1,1.24,227.0,0
HD 148427 b,331.5,0.93,59.3,0
HD 85512 b,58.43,0.26,11.15,0
NSVS 14256825 c,1276.0,1.9,570.0,5
NSVS 14256825 d,2506.0,2.9,570.0,5
Gliese 785 b,74.72,0.32,8.82,0
Gliese 785 c,525.8,1.18,8.82,0
WASP-5 b,1.6284246,0.02729,297.0,0
HATS-12 b,3.142833,0.04795,981.0,0
OGLE-2008-BLG-355L b,809.5871506900909,1.7,6800.0,0
HAT-P-23 b,1.212884,0.0232,393.0,0
EPIC 201754305 c,19.07863,0.1229,324.0,0
EPIC 201754305 b,7.6188,0.0667,324.0,0
Kepler-412 b,1.7208612319999999,0.029589999999999998,1056.0,0
CoRoT-8 b,6.21229,0.063,380.0,0
Kepler-312 c,19.747412,0.14298154153484174,720.22,0
Kepler-312 b,1.772419,0.02866272310556225,720.22,0
Kepler-337 c,9.693201,0.08897158536266034,674.39,0
Kepler-337 b,3.2927809999999997,0.04331600697875494,674.39,0
GJ 536,8.7076,0.06661,10.03,0
HD 222076,871.0,1.83,83.5,0
HAT-P-21 b,4.124461,0.0494,254.0,0
HAT-P-67 b,4.81010205,0.06505,320.0,0
HAT-P-34 b,5.4527,0.0677,257.0,0
eta Cet b,407.3,1.27,37.99,0
eta Cet c,744.3,1.93,37.99,0
HD 108874 b,395.4,1.051,68.5,0
HD 108874 c,1605.8,2.68,68.5,0
